mundo224;1
bastante;2
menores;1
isbn9788476003565;1
26sigloxix;1
pico;1
comprende;6
fÃºtbol;4
tei;1
humanos158;1
energy;4
isbn0521372283;1
prosiguieron;1
desembocar;1
coincide;1
isixhosa;1
hartdavis;1
1;16
2;12
3;11
poemas;2
kosso;1
4;15
triple;1
5;10
6;12
7;7
8;7
9;5
siempre;1
gÃ©nova;2
relacionar;1
mundo248;1
1000;6
deligiannis;1
conexiones;3
cinematogrÃ¡ficas;1
coros;1
campeonato;1
hans;2
golf;1
ilustraciÃ³n;2
lavrangas;1
tgn;2
siguiÃ³;1
after;1
investigaciÃ³n;6
comunidad;7
a;364
b;77
c;35
d;16
e;26
Ã¡rea;2
f;8
g;10
h;3
i;15
j;5
k;3
sombra;1
l;3
m;12
n;10
o;37
granjas;1
the;143
p;1
llevan;1
r;5
s;8
christianitygr;1
t;3
v;3
sala;1
w;7
abolir;3
adoptÃ³;2
x;2
y;570
information;1
antecesores;1
comisionado;1
entrenado;1
Î³ÏÎ±Î¹ÎºÏŒÏ‚;1
bellas;1
salud295;1
mazlish;1
disperso;1
tin;1
arbitrariedad85algunas;1
rome;2
rÃ©gimen;5
notificar;1
roma;2
dispersa;2
sans;1
3695;1
1031;1
loring;1
improvisada;1
2357;1
chrestos;1
restantes;1
cia;4
nuevas;2
olympic;2
sara;1
belleza;2
tortuga;1
tuvo;6
naranjos;1
impartÃ­an;1
documentados;1
formaron;1
termina;2
acuÃ¡tico;1
rebeliÃ³n;4
exentas;1
regalo;1
isbn0198279345;1
ocasionalmente;1
turismoeditar;1
6economÃ­a;1
muertes;1
comunica;1
variaba;1
organizaciÃ³n296;1
ladin;1
kasimis;1
romanas;4
Ã±;1
karagÃ¶z;1
aboliÃ³;1
21st;1
laboral7;1
mÃºnich;1
corfÃº;6
romance;1
atlas;4
promulgÃ³;1
2395;1
ocupaciÃ³n;4
parlamentario;1
mejor;4
orden;2
qÄ±rÄ±mtatarca;1
famoso;1
realizado;1
pike;1
francocracia;1
indonesia;1
1070;1
reform;1
sari;1
pp554555;1
famosa;1
poblaciÃ³n;25
nuevamente;2
caracterÃ­sticos;1
jurado;1
olympus;3
save;3
boarisch;1
protection;3
mandatory;1
xyndas304;1
tok;1
unificaciÃ³n;1
tom;1
top;4
ejÃ©rcito;9
anexomisiones;1
capacidad;5
carreteras;2
equipado;1
Î³ÏÎ±Î¹ÎºÎ¿Î¯;1
avanzada194195196;1
poeta;1
tpm;1
demografÃ­aeditar;1
corfu;1
llamado;2
willis;1
coe;1
coi;1
18661869;1
capturados;1
con;147
basadas;1
llamada;5
fibacom;1
compositores;2
esencialmente;1
academia;9
frysk;1
supremacÃ­a;2
crÃ¡neo;1
representativa;1
adquisitivo;1
adaptados;1
palgrave;1
rout;1
118727476;1
pintura;7
Î±Ï€Î¿Ï„ÎµÎ»ÎµÏƒÎ¼Î¬Ï„Ï‰Î½;1
cordillera;3
markets;1
ilÃ­ada;1
civil18;1
relaciones;9
finalidad;1
alumnos;1
exterior;3
salado;1
bÃºlgaro;1
wikiquote;2
ceder;1
211;1
times;6
crc;1
71energÃ­a;1
estrictas;1
pasando;1
accedido;1
atenienses;1
terrenos;3
crÃ­quet;1
jugaba;1
oscura;4
annette;1
destinado;1
lojban;1
haya;1
imprimirexportar;1
227;2
judÃ­os271;1
onassis;1
cuidados;1
rtvees;1
levantamiento;2
gobiernos;3
vegetales;3
actualizÃ³;1
usted;1
datos;5
integrado;1
235;1
238;1
epiro;6
state;5
seferis338;1
300000;2
pisk;1
perdurÃ³;2
fundada;1
costeros;1
lepanto;1
244;1
orientales345;1
hallÃ³;1
à½‡à½„à½;1
mÄori;1
karalis;1
twi;1
constitutional;4
ccpr;1
fuentes;2
privacidad;2
construir;1
258;1
inmigraciÃ³neditar;1
hackett;1
campos;2
comisiÃ³n;2
posiciÃ³n;2
immigrants;1
languages;2
socio;2
dodona;1
35000;1
services;1
derechos;25
sakellarios;1
frucht;1
15enlaces;1
religiÃ³n;5
noticias;3
à¤…à¤µà¤§;1
egipcio;3
polÃ­ticaeditar;1
p847;1
antwerp;1
considerable303;1
veÃ­an;1
tortura;3
23Âª;2
anne;1
anna;1
domestic;1
276;1
manos;4
enciclopaedia;2
cretense;1
budget;1
actual;11
estuvieron;4
eastern;1
isbn9789601506630;1
ultimate;1
irÃ¡n;1
principados;2
283;1
bbccom;1
publicados;1
levantamientos;1
catÃ³licos;1
house;1
socialista;2
rebetes;1
11000;1
servicio;5
salario;2
reportan;1
desigualdad;1
humanoseditar;1
triandafyllidou;1
anexociudades;1
jerome;1
13676;1
short;3
zakynthos;1
conocidos;4
demanda;1
determinados;1
oecdorg;3
definiÃ³;1
à²•à²¨à²¨à²¡;1
gendarmerÃ­a;1
ÎµÎ»Î»Î·Î½Î¹ÎºÎ¬;1
pappas;1
ÎµÎ»Î»Î·Î½Î¹ÎºÎ®;2
trains;1
positivos;1
clima;5
comunidades;4
padilla;1
dominÃ³;1
creÃ­an;1
asedios;2
mÃ¬ngdÄ•ngngá¹³;1
citera;1
premiada;1
frecuentemente;1
creative;2
nederlands;1
crecientes;1
estaban;4
dioses;3
nacionalismo;1
oromoo;1
competency;1
revolucionarios304;1
baklava;1
andreas;1
tratados;1
75915;1
skopje;1
basados;1
artistas;6
ante;8
ÑƒĞ´Ğ¼ÑƒÑ€Ñ‚;1
travÃ©s;4
afloraron;1
tell;1
10815197;1
isbn9780742568341;1
dan;2
proporciÃ³n;2
italia;4
cÃ¡lidos;2
dar;1
siervos86;1
pÃ¡ginas;3
ellada;1
island;2
guardia;4
formas;6
wolof;1
formar;1
datan;1
water;1
Î®;2
forman;2
elaboraciÃ³n;1
formal;1
micenas;1
Î·;2
cambiar;2
stokes;1
Î¿;1
tecnologÃ­a245;1
recortadas;1
acordaron;1
critical;2
gobierno7;1
reptiles;1
paulston;1
corsu;1
corte;3
mitsotakis;1
à¤¹à¤¨à¤¦;1
corta;1
dimensiÃ³n;1
tecnolÃ³gicos;1
mundo296;1
comedias;2
introduction;4
editors;1
boletÃ­n;1
usualmente;1
oficialmente;2
95pintura;1
tema;2
third;1
build;1
Ğ¼Ğ¾ĞºÑˆĞµĞ½ÑŒ;1
sicilianu;1
convirtiÃ³;6
siren;1
cambios;3
mÃ¡gicos;1
dei;2
uyghurche;1
del;307
parliament;2
entendido;1
der;1
mar325;1
Ø³Ù†ÚŒÙŠ;1
presidenta;2
ediciÃ³n;5
railway;1
presidente;7
announcement;1
restaurÃ³;1
asesinado;1
impact;1
Ã©tnicamente;3
debiese;1
mÃ©xico;1
cual;7
aerolÃ­neas;1
excepciones;1
fueron;29
quesos;1
compare;1
acceder;2
impulsado;1
consiguiÃ³;2
à¤¨à¤ªà¤²;2
journal;3
testamento;1
impulsada;1
sÃ¡ndwich;1
migraciÃ³n;2
permaneciÃ³;2
costeras;3
arquitectos;1
business;2
staff;1
Î´Î¹ÎµÏ…Î¸ÏÎ½ÏƒÎµÎ¹Ï‚;1
229500;1
lifeorg;2
goyita;1
karaiskaki;1
pequeÃ±as;1
wellesz;1
penguin;1
psoras;1
ingrid;1
die;1
bulgaria;5
clÃ¡sicas;1
dio;5
ellos;7
ubicado;2
expresivo313;1
unificar;1
editordominic;1
pÃºblico138139;1
3074160;1
1133;1
airlines;1
Î¸Î­Î»Ï‰;1
Ã©xito;1
telecomunicaciÃ³n;2
journey;2
ferum;1
brown;2
crpdop;2
consumo;1
sobre;36
excepcional;1
final;7
confusiÃ³n;1
Õ¡Ö€Õ¥Ö‚Õ´Õ¿Õ¡Õ°Õ¡ÕµÕ¥Ö€Õ§Õ¶;1
coronaciÃ³n;1
bipartidista;1
helenizado;1
ubicada;1
bankorg;1
virtual;1
altos;3
erecteÃ³n;2
2004135136;1
1160;1
destacable;1
aparte;1
tuvieron;2
goldman;3
albanesa;2
company;2
thomas;4
19361940;1
organizaciÃ³n;20
kiswahili;1
una;126
fronteras;4
nacimiento;7
lengua;4
josiah;1
uno;14
kondylis;1
partir;3
niveles;1
constitucional;1
à¤—à¤¯à¤š;1
dolnoserbski;1
quinta;1
weltgeschicte;1
minoicos;2
bulliet;1
diÃ¡logo;1
á±¥á±Ÿá±±á±›á±Ÿá±²á±¤;1
calatrava;1
sudoc;1
enciclopedias;1
terminado;1
datinisimonetta;1
cadena;1
banco;5
1195;1
stavros;1
aromunes;1
dulces;1
áƒ›áƒáƒ áƒ’áƒáƒšáƒ£áƒ áƒ˜;1
penÃ­nsula;5
schwartz;1
contents;1
ppxxi;1
terminada;1
palma;1
inicialmente;2
petrakis;1
doc;1
ellie;1
siros;1
Ï€ÎµÎ»Î±ÏÎ³Î¿Ï;1
mando;3
mantiene;5
dos;19
fuerza;5
milicia;1
joshua;1
capitales;1
anfibios;1
97literatura;1
brindan;1
garantÃ­as;1
responsabilidades;1
banda;2
baloncesto350;1
migratorios;1
forzados;1
gr8a;1
conectando;1
nipiagogeÃ­o;1
combinÃ³;1
url;2
27089560708;1
300;3
conocidas;1
clÃ¡usula;1
archipiÃ©lagos;2
comparable;1
finales;11
cÃ¡pita;2
isbn0691010056;1
fuerte;3
usd;3
edward;1
cuna;2
uso;7
delano;2
anunciÃ³;1
hirsch;1
ofrecen;3
317;1
pakistanÃ­es;1
disponible;1
intensivo;1
hablantes;5
empleados;2
romano6163;1
damasco319;1
323;2
324;1
325;1
personas262265;1
masacre;1
turquÃ­a;12
93930;1
å®¢å®¶èªhakkÃ¢ngÃ®;1
sakelarios;1
cruzadas;1
monetario;4
bailout;1
armÃ£neashti;1
literaturaeditar;1
bali;1
334;1
339;1
asesinada;1
extinta;1
gaugamela;1
gregory;1
crearon;1
bajo;16
340;1
quinto;2
distribuciÃ³n;1
albania335;1
348;1
embajada;1
extranjeros;1
arbanita;1
05;1
06;1
giorgos;3
07;1
mytikas;1
fÃ¸royskt;1
ecorregiones;1
observer;1
bank;1
instigada;1
tiempos;4
chipriotas;1
bajÃ¡;1
giacomo;2
destinada;1
10;228
aceite;1
11;14
12;9
13;9
14;8
6000;1
escuchar;1
acrÃ³polis;4
15;9
16;4
17;13
18;8
19;6
educativo;2
boxeo;1
Ú¯ÛŒÙ„Ú©ÛŒ;1
ministro;9
famiglia;1
kipoi;1
escaparon;1
hrvatski;1
promulgados;1
20;12
21;5
22;9
23;6
24;11
25;6
mÃ³vil;1
worlds;3
26;10
27;4
28;12
29;12
propiedad;1
papadimitriou;1
industry;1
regional2425grecia;1
371;1
salvaguardar;1
1a;1
comÃºn;4
cedaw;1
30;8
workers;1
31;4
cuts;1
34;2
35;2
ilustra;1
36;1
pisin;1
38;1
lasso;1
mano;1
formulÃ³;1
neohelenismo;1
many;1
minoico;1
hogarth;1
donaciones;1
rotonda;1
metaxas;2
biomasa;1
37984166666667;2
literalmente;1
minoica;1
mani;2
40;2
42;1
44;1
aderezos309;1
45;3
46;1
horario;1
cristiandad;1
49;1
vamvakaris;1
Ğ±ÑƒÑ€ÑĞ°Ğ´;1
numbers;1
isbn0582307090;1
kilÃ³metros;1
393;1
reformas;2
3g;2
dynasty;1
imperio;43
Ãºnico;1
denso;1
1Âª;1
51;1
53;1
56;1
maps;1
Ãºnica;5
pequeÃ±os;2
mar7;1
densa;1
grounds;1
otÃ³n;2
mapa;3
guitarra;1
2Âª;1
60;3
64;1
romanos;5
65;1
geometrÃ­a;1
celebraciÃ³n;1
experimentÃ³;1
nuevos;1
tambiÃ©n;46
conducido;1
ğŒ²ğŒ¿ğ„ğŒ¹ğƒğŒº;1
trece;1
cuya;5
common;1
gymnÃ¡sio288;1
pamela;1
70;1
71;1
73;1
mask;1
77;1
79;1
basa;2
considerada;2
externa;1
cilevicseu;1
denominaciÃ³n;1
serbios;1
bÃºsqueda;5
80;2
abacus;1
step;1
considerado;3
85;1
eslavos118;1
mark;1
base;2
88;1
entonces;2
89;1
acepciones;1
multinacionales;1
konknni;1
evitÃ³;1
lost;1
90;2
hacienda;1
ejecutiva;1
93;2
98;1
van;3
111740;1
emociones;1
representativa98;1
eurostat;9
consejo;5
estremeÃ±u;1
ingresÃ³;1
rigas;1
cintas;1
courier;1
nedersaksies;1
avance;1
habitadas13;2
otorgando;1
theory;1
unido99;1
secado;1
respondÃ­a;1
ÎµÏÎ³Î±ÏƒÎ¯Î±Ï‚;1
gualtieri;1
10432481hab4;1
accediÃ³;2
suprimiÃ³;1
esaint;1
explotaron;1
rsssfcom;1
pitkern;1
conexiÃ³n;1
foundation;1
pimiento;1
alexandrÃ­a;1
identity;2
nacidos;1
Ã³rgano;2
europe;7
àª—àªœàª°àª¤;1
europa;15
empleaba;1
izquierda125;1
hombres;3
ejecutivo;2
Ï€Ï…ÏÎ·Î½Î¹ÎºÎ®;1
existe;2
greececom;7
estipula;1
ploritis;1
superficie;2
entrada;2
lÃ½keio289;1
bartlett;1
hablantes284;1
mediterrÃ¡neo;10
Ñ…Ğ°Ğ»ÑŒĞ¼Ğ³;1
griegos85;1
conservadores;1
mayo;25
rÃ³dope181;1
religiÃ³neditar;1
ver;2
mediterrÃ¡nea;1
terminÃ³;2
74720;1
kirkebesÃ¸k;1
vez;9
isizulu;1
revision;2
eds;1
refugiados;1
platanovrisi;1
1etimologÃ­a;1
emigraron;4
militar;8
velocidad;1
noticiarios331;1
ethniki;1
ioÃ¡nina;2
esferas;1
antigÃ³nida;1
zazaki;1
jackson;2
asesinato;2
eet;1
empleado;1
literaria;7
analÃ³gica;1
antigÃ³nido;1
unctadorg;2
fundador;4
generalmente;2
grave;1
nacionalistas;1
metaxÃ¡;1
poder;13
continentales175;1
nacionalizador;1
serÃ­a;1
incluÃ­an;1
frederick;1
1204;1
1200;3
griegos51;1
calidad;1
1208;1
habitar;1
provocÃ³;1
habitan;2
grecoparlante;2
operaciÃ³n;2
straub;1
idioma;13
montaÃ±osa;1
posible;1
pierre;1
vid;1
ikinyarwanda;1
montaÃ±oso;1
visual;2
empire;1
æ—¥æœ¬èª;1
vio;3
greciafilikÃ­;1
liberales;1
countryworld;1
clasifica;1
mÃ¡ximos;1
visto;1
economy;2
estos;13
Ã­dolos;1
dificultades;1
vista;2
mezcla;1
derrota;2
Ã³rdenes;2
1001896;2
pp912;1
envuelto;1
europa338;1
batalla;8
britannica;16
eis;1
compone;1
grandemente;1
isbn0520245628;1
lÃ«tzebuergesch;1
localidad;2
wikipedia;15
afrikaans;1
eje;1
sigloxx;8
sigloxv;2
estaciones;2
suroccidentales;1
juzgan;1
raquel;1
fulfulde;1
sigloxi;1
severa;1
ceremoniales;1
ÎµÎ½ÎµÏÎ³ÎµÎ¹Î±ÎºÎ­Ï‚;1
sucursal;1
armonÃ­a;1
periferias;2
alexiou;1
rounds;1
contribuir;2
definiciÃ³n;2
contribuciones;2
centros;3
prÃ¡cticas;2
official;1
1261;1
deportes;2
bosques;3
judaÃ­smo;1
karamanlÃ­s;2
lince;1
culturaeditar;1
convenciÃ³n;13
excluding;1
ocupados;2
paraÃ­so;1
peoples;3
jovanoich;1
turco;4
herodotus;1
need;1
golpe;2
aspectos;1
newspapers;1
universitario;1
donde;11
riesgo;2
fusiÃ³n;1
hallaba;2
traditions;1
turca;3
alentaron;1
247090;1
grecorromano;1
tecnologÃ­aeditar;1
mitologÃ­a;1
graeci;2
anteriormente7374;1
companion;2
meteora;1
conversiones;1
significa;1
hacerlo;1
relaciona;2
273340;1
von;1
end;2
vox;1
barranca;1
abarca;2
destacan;1
destacar;2
special;3
mÃ­tica;1
etimologÃ­a;1
environment;2
stella;1
hallada;1
spiegel;1
levantaban;1
education;3
reprimidos;1
andrianÃº;1
ideales;1
paquete;2
declarada;1
navÃ­os214;1
spanakopita;1
influidos;1
rÃ­o;2
cÃ¡nticos;1
hidra;1
tschumi;1
lectores;1
ashgate;1
puestos;1
ÑĞ°Ñ…Ğ°;1
romanÃ­279;1
22000;1
parÃ¡logos;1
ĞºÑŠĞ°Ñ€Ğ°Ñ‡Ğ°Ğ¹Ğ¼Ğ°Ğ»ĞºÑŠĞ°Ñ€;1
idiomas;7
tucÃ­dides;2
combinaciÃ³n;1
canadÃ¡;1
isbn9781136119002;1
obstante;4
premio;1
parques;1
derrotÃ³;1
pirgos;1
isbn9781438126760;1
meglenÃ­tica277los;1
negÃ³;1
accidentado;1
frontÃ³n;1
ciudadesestado;3
Ï€Î¬Ï‰;1
Î½Î¿Î¹ÎºÎ¿ÎºÏ…ÏÎ¹ÏÎ½;1
era;15
grecoparlantes;3
rights;2
significÃ³;1
individuales;1
estimaciones;3
fÃ¡bulas;1
share;1
terrestre123;1
humedad;1
destronado;1
cat164;1
ÎµÎºÏ„Î¹Î½Î¬Ï‡Î¸Î·ÎºÎµ;1
Î³Ï…Î¼Î½Î¬ÏƒÎ¹Î¿;1
trilogÃ­a;1
asalariados;1
lucharon;1
esa;4
detener;1
422;1
ese;3
425;1
significativamente;1
heidi;1
desuso102;1
isbn9781576078006;1
termoelÃ©ctricas;1
issn03915115;1
ess;1
vÃµro;1
victorias;1
grupo;6
rurales;2
golfo;2
etc;1
hermes;1
responsables;1
sufrieron;2
gastronomy;1
entrarÃ¡;1
secundaria;2
montaÃ±osas;6
tambiÃ©neditar;1
444;1
lÃ­nea;2
naturalmente;1
secular;1
posibilidad;2
joseph;1
aÃ±o;9
eur;1
debilitÃ³;1
financial;3
otros305;1
islas;26
yearend;1
bratt;1
forma;13
kataifi307;1
axelos;1
islam;3
crecen;1
igbo;1
dureza;1
santurce;1
relieve;1
katrakis;1
transport;3
empresario;1
marcha;1
estar;1
institutos;5
amplio;1
entrando;1
martin;2
habitantes256;1
estas;14
terreno;1
72transporte;1
418969;1
espaÃ±a;2
isbn9780203501917;1
479;1
amigos;1
trataban;1
politÃ©cnicas;1
remain;1
hubo;4
estudiantes;4
countries;2
480;1
monitoring;2
eye;1
486;1
obtener;5
superÃ³;1
neto;1
odÃ³s;1
ocasiones;1
sobrepeso296la;1
490;1
492;1
presencia;3
495;1
parÃ¡metro;4
renacimiento81;1
romanoeditar;1
neta;1
beverage;1
48560;1
ayuntamiento;1
obtenga;1
gran;27
fÃ­sica300;1
contemporÃ¡neas;1
espera;2
cambiado;1
expedicionaria;1
esfuerzos;1
habitaban;1
eapgr;1
representar;1
grados;1
traciacomo;1
representan;2
luchas;1
microsoft;1
tebas;1
gabi;1
enviÃ³;1
dimokratÃ­a;2
personales;1
veinte;2
isbn9788884539106;1
micÃ©nica;3
comunes;2
supera;1
seediq;1
contribuye;1
disputas;1
mediante;1
wwwarchaeologyorg;1
paideia285;1
tercio;2
fidias;1
llevÃ³;3
primaria;2
Ã©ditions;1
necesarias;1
wikipediaartÃ­culos;16
central;22
aÃºn;10
apogeo;1
entregarÃ­an;1
primario;2
considerable115;1
13referencias;1
alpinas;1
especializados;1
greek;43
news;4
matrimonios;2
war;5
antiguo102;1
argyris;1
urban;1
pp235236;1
theotocopoulos;1
situÃ³;1
incluyen;12
irlanda247;1
agriculturaeditar;1
oriente153;1
issues;3
d006115;1
mÃºsica;13
plan;3
forzadas;1
librito;1
presentar;1
patmos;1
greco;5
paralelos;1
studi;1
fascista;1
tradiciÃ³n;6
italiana;2
italiano;3
tercer;2
study;1
interroga;1
tercios;1
polonia;1
documentos;2
web;3
perlÃ¨s;1
doscientos;1
berlin;1
17426;1
penÃ­nsula71;1
reportados;1
balcanes191192193191;1
sakizaya;1
reciclables213;1
matanza;1
julio;252
mujeres;2
conoce;1
situaciones;1
samoa;1
agrÃ­cola;2
clÃ¡sicos;2
ÎºÎ±Ï„ÎµÎ²Î¬ÏƒÏ„Îµ;1
cÃ­tara;1
economic;2
estado;22
vikosaoos;1
inmediatamente;1
accedieron;1
declaraciÃ³n103;1
raaflaub;1
aplicando;1
mosaicos;1
viceversa113114;1
few;1
highways;1
serenatas;1
perviven;2
pp1037;2
invirtiÃ³;1
aymar;1
arrebatado;1
ayman;1
nondas;1
folclÃ³rico;2
nutrition;1
revisited;1
milenaria;1
climatology;1
2637;1
who;1
politics;5
rebasa;2
hombre;1
aÃ©rea155;1
hÃ©lade;2
ademÃ¡s;13
especie;3
diez;2
hospitality;1
arquitecturaeditar;1
lÃ­rica;3
david;1
candidato;1
win;1
21primeros;1
63industria;1
mixto;4
lÃ­rico;1
ninguna;1
a1;3
a2;1
ayisyen;1
likmeta;1
akritaslas;1
profesional;2
visit;5
estaba;2
almendras;1
ermÃºpoli;1
sitio;1
catalÃ ;1
biografÃ­as;3
susa;1
fin;2
corinto;6
teatro;18
kefalotyri;1
0004;1
chryssa;1
0000;1
huso;1
gente;1
reportada;1
participa;2
barrow;1
lhumanitÃ©;1
1319573;1
ac;17
ad;1
declaraciÃ³n;1
posterior;1
al;92
galerio;1
an;6
salsa;3
calentamiento;1
autogobernadas;1
as;4
at;3
intervenir;1
ĞºĞ¾Ğ¼Ğ¸;2
kapampangan;1
bc;4
estatales;2
andreou330;1
importar;1
sociedades;1
dÃ©cada;5
elaborar;1
proyectos;3
habÃ­an;3
dependiendo;1
combinados;1
sitios;1
by;10
cronologÃ­a;1
celebrados;1
helenizaciÃ³n;1
ca;1
equipos;3
muchas;6
shqip;1
direcciones;1
Ã¡nimo;1
cm;2
familiar;1
co;1
platos;2
food;2
salud;8
e7;1
sobrepasa;1
refuerzos;1
acompaÃ±adas;1
corinto7;1
da;1
siendo;5
dc;2
enorme;2
byzantine;10
expenditure;2
carlos;3
de;2138
fmi;5
Ù¾Ù†Ø¬Ø§Ø¨ÛŒ;1
protagonista;1
di;4
sujeto;1
separada;2
gobiernos200;1
saliÃ³;1
language;4
rechazada;1
terrorismo;1
dodwell;1
restauraciÃ³n;1
nuestra;1
ed;7
coastline;1
spyridon;4
el;1026
en;880
mantuvieron;2
energÃ­a;12
es;87
makrides;1
ganÃ³;2
et;1
wiley;3
eu;4
westvlams;1
testigos;1
fe;1
vocal;1
for;13
referencias;3
revoluciÃ³n;3
angelokastro;1
establece;2
variaciÃ³n;1
aleatoria;1
teatro315;1
divide;2
vistas;1
resultado;5
go;1
gr;3
corzo175;1
restos;1
ha;17
dinamarca;1
508;2
libertades;1
dialecto;3
dios;2
papandreou;1
turistas;4
orestis;1
yorÃ¹bÃ¡;1
recorren;1
estratÃ©gica;1
id;3
mallorca;1
portal;1
consecuencia;2
portan;1
embate;1
asimilaciÃ³n;1
ii;5
ÎµÎ»ÎµÏ…Î¸ÎµÏÎ¯Î±Î½;1
in;44
ir;1
is;1
it;1
promulgar;2
iv;3
entrÃ³;3
ix;1
platea;1
llegÃ³;6
Ù¾ÚšØªÙˆ;1
misiones;1
superiores;1
tyap;1
quemadas;1
jr;1
helÃ©nica119;1
literatura;16
toureu;1
literature;6
proporciones;1
llanuras;1
536;2
belief;1
aragonÃ©s;1
esculturas;1
estadÃ­sticas;5
km;1
continuum;1
m7;1
nobel;2
kw;1
continente234;1
50Âª;1
funciones;1
la;866
51clima;1
afirma;2
charny;1
fue;55
le;11
bÃ¡rbaras;1
columnatas;1
50Âº;1
genera;1
lo;19
cescrop;2
kassimi;1
wwf;3
political;4
mercantil91;1
555;1
than;1
reemplazado;1
efecto;1
communication;1
entre;52
produjeron;2
infraestructura;7
isbn9781892051226;1
oftalmolÃ³gica;1
dinÃ©;1
fiscal;4
nd;1
futuros;1
ni;3
171682;2
no;32
nombra;1
p1;1
p3;2
editorjeffreys;1
p4;2
p5;1
student;1
tendencia;2
alejada;1
bairoch;1
nÃºmeros;1
mixed;1
nombre;7
kotava;1
legado;1
catÃ³licos262265;1
deutsch;1
of;103
og;1
mujer;3
53Âº;1
rescue;2
on;4
bricks;1
responsable;2
or;1
sports;1
doblan;1
prostituciÃ³n;1
pd;1
perspectives;1
protectorado;1
encom;1
voleibol;1
combinadas;1
nation;1
secc;1
augusto;1
591;1
qa;1
iniciativa;1
ganancias;1
Ğ°Ğ´Ñ‹Ğ³Ğ°Ğ±Ğ·Ñ;1
independiente;2
pidna;1
establecer;1
theo;3
muchos;8
rd;2
interÃ©s;1
arquitecto;1
sigloix;1
poderes;1
Î´Î®Î¼Î¿Î¹;1
sigloiv;2
eurobarometer;1
alcanzaron;4
concepto;3
rj;1
destituye;1
rm;1
aqueloo;1
estratÃ©gicamente;2
conquista;3
ilokano;1
instituciÃ³n;3
peligro;1
48687;1
200523;1
estructuras;2
fifacocacola;1
84educaciÃ³n;1
franjas;2
sa;2
ejercicios;1
se;175
httpwwwexpansioncomeconomia2015050555488687e2704ea8568b4572html;1
si;3
origins;1
bbccouk;2
interacciÃ³n;1
so;1
ss;1
st;1
su;99
espaÃ±ol;4
rusoturca;1
sx;1
tendencias;1
sede;4
norma;1
peloponeso;21
inmediata;2
escuelas;4
permanecieron;4
regionales;2
ta;1
gastronomÃ­aeditar;1
apareciÃ³;2
tsacÃ³nico;1
te;1
periodos35;1
to;27
bnffr;1
espÃ­ritu;1
estudios;1
tÃ­tulos;1
ue;3
10035789;1
soomaaliga;1
yahoo;1
un;137
military;2
up;1
cuadro;1
dictador128;1
us;5
Ã¡reas;2
ubicadas;2
levantarse;1
108310;1
arcadia;1
norsk;2
va;1
automÃ³viles;1
histÃ³ricamente;1
olympiacos;2
conquistÃ³;3
vi;1
considerar;1
almendros;1
periodos;1
fijaron;1
vanhaeren;1
operador;1
igualÃ³;1
tesalÃ³nica231232;1
enfrentamiento;1
mÃ¡xima;2
tenido;3
changes;1
polski;1
seis;4
gasto;5
poblada;5
we;1
internacionales;7
prosperidad;3
gas;2
identifican;1
referido;1
hablados;2
katerina;1
katerini;1
82religiÃ³n;1
bouzouki;1
amigo;1
xi;1
iliria;1
vidascom;3
horacio;1
sesenta;1
kondilis;1
xx;3
superada;1
mundo188;1
isbn9780470976111;1
lÃ­mite;2
salir;1
drews;1
ya;1
brigadier;1
Î²Î®Î¼Î±;1
grammatacom;1
odyssey;1
compromete;1
sakellaropoulou;1
Ï€ÎµÏÎ¹Ï†ÎµÏÎµÎ¹Î±ÎºÎ­Ï‚;1
2709;1
europea138139;1
byzantium;2
afectaban;1
checa264;1
ocde296;1
chichewa;1
alabanza;1
yannakakis;1
churches;1
sanitaria;1
insight;1
gdp;1
familiares;1
ucrania;2
estableciÃ³;5
aÃ©reo;1
intelectual;1
force;1
sustituida;1
norte;18
marÃ­timo;1
ceremonia;1
presupuesto;2
7infraestructura;1
sobrio;1
ÎºÎ±Ï„Î¿Î¹ÎºÎ¹ÏÎ½;1
get;1
pp14749;1
power;1
emperador;1
medievaleditar;1
montaÃ±osos;1
tenÃ­a;3
pp266267;1
turÃ­stica;2
aquÃ­;4
manierista;1
mÃ©todo;1
aparecer;1
finlandia;1
bronce44;1
turÃ­stico;1
help;1
1400;1
14811101984;1
omniglot;1
aumentaron;1
mytaras;1
greecegovgr;1
firenze;1
marÃ­tima;4
17481833;1
psarÃ¡;1
repÃºblica145las;1
costa;3
proviene;4
xii;1
inglÃ©s;253
àº¥àº²àº§;1
xix;2
brace;1
turismo;11
apoyar;1
igual40;1
venecia77;1
dependen;1
Î±Ï€Î¿Î³ÏÎ±Ï†Î®Ï‚;2
venecia78;1
rodeados;1
ejemplo;5
grecoturca;4
Ã³pera;4
abeto183;1
atraviesa;2
basaron;1
security;2
station;1
competitividad;2
teatrales;1
mundo176;1
Ğ¼Ğ¾Ğ½Ğ³Ğ¾Ğ»;1
esmirna;1
telefÃ³nico;1
arpetan;1
34075;1
mecÃ¡nica;1
probritÃ¡nico;1
treaty;2
stifado;1
lÃ½keio;2
amanuenses;1
vertiginoso;1
juicio;1
menos;4
menor;11
1453;6
dieciocho;1
à¹„à¸—à¸¢;1
reconoce;3
largos;1
tatarÃ§a;1
financiera;2
encontraba;1
elytis;2
provocaron;1
unigrazat;1
abierta;3
hess;1
precaria;1
500000;1
junto;6
coautores;1
ofreciendo;1
multicultural;1
junta;3
gatenet;1
capacidades;1
heleno;3
capadocio;1
encontrada;1
prevenir;1
corrupciÃ³n;1
paÃ­s110;1
archipiÃ©lago;1
91teatro;1
gnd;2
gaelg;1
alternar;7
vendidos;1
vestigios;1
wikiviajes;2
histÃ³rico;3
gnp;1
isbn9789601506173;1
union;3
rÃ¡pido;1
alternan;1
partenÃ³n;2
financiero;3
gnu;1
arco;1
fieldwork;1
ronda;1
ortodoxos;1
Î­ÏÏ‰Ï‚;1
regiones;10
estrecho;1
histÃ³rica;1
francÃ©s;2
isbn0415116201;1
llamadas;2
desapariciones;1
possecundaria;2
objetivos;2
armadaseditar;1
eslavas;1
introducir;1
quÃ­os;1
egolpioncom;1
nombrados;1
european;13
wwwwipoint;1
evacuaciÃ³n;1
inferiores;1
success;1
observatorio;1
ofensiva;1
admitidos;1
regional;4
despedir;1
ferguson;2
caÃ±Ã³n;1
galaktoboureko;1
papacosma;5
idrÃ½mata;1
610;1
grd;1
grc;1
gre;1
mercantil;4
bruce;1
vigilado;4
aceitunas;1
mobile;1
europea7;1
vigilada;4
lado;1
obsoleto;4
contienen;1
eurobarÃ³metro;1
introdujeron;1
magazine;2
gobierno344;1
bislama;1
albania;8
dagens;1
thesing;1
loomis;1
compaÃ±Ã­a;3
bump;1
33Âºmuy;1
klarner;1
enlaza;1
macroeconÃ³micos;1
vivan;1
musical;2
corporation;1
meteorologÃ­a;2
xvi;1
80900;1
suspended;1
intelligence;1
million;1
encargado;1
aris;2
645;1
790824;1
esperanto;1
66630;1
relaciÃ³n;2
judÃ­as;1
residentes;1
representantes;1
isbn9781857431360;1
mason;1
cÃºpula;1
carrera342;1
asaltos;1
bizantino7576las;1
restituida;1
kleftes;3
xxi;1
convencional;1
gaziadis;1
framework;1
trikoupis;3
palabra;1
longitudes;1
668;1
gobernaba;1
tzavelas332;1
gwh;1
mÃ­nimo;1
cifras;1
ced162;1
xiiixviii;1
odisea;1
expresan;1
ratificado;4
pentecostÃ©s;1
2011217;1
sigloiv68;1
editÃ³;1
bebidas;1
tÃ©rmino;3
dinos;1
ratificada;1
contemporÃ¡neo;2
desde;102
chipre;5
excepcional145el;1
127202203;1
tee289;1
contemporÃ¡nea;1
derivados;1
saludeditar;1
ortodoxo8;1
vocacionales;1
5000;1
jimeno;1
aceptar;1
balcanes;6
practicantes262265;1
units;1
mehmet;1
conformado;1
catastrophe;1
diseÃ±o;1
pp7375;1
deben;2
bust;1
belgrade;1
enmiendas;1
camas;2
ac17;1
autores;2
conformada;1
anexionÃ³;1
2011227;1
encyclopedia;5
melodramas;1
greeceorg;1
2011220;1
wall;2
5geografÃ­a;1
quedÃ³;1
higos;1
orestÃ­ada;1
cuales;6
europea;24
registros;1
ac43;1
ac42;1
densos;1
aumento;3
helen;1
championship;1
aumenta;1
chaos;2
preservar;1
residencia;2
preservan;1
defensa;3
forecast;1
extendido;1
ac34;1
suelen;2
Ã¡ngulo;1
referÃ©ndum120;1
manera;6
ilegales;2
dimotikÃ³;1
detat;1
34177;1
perrin;1
promovieron;1
permanente;1
submarinas;1
ward;1
crops;1
chase;1
arte;9
juegos;8
proveen;1
plantas180;1
nombrÃ³;1
141227;1
enlace;1
incluyendo;7
canal;2
bizantino278;1
christ;1
ideals;1
Ğ°Ğ²Ğ°Ñ€;1
eslavos;2
semana;2
batis;1
provienen;3
encontrarÃ¡;1
religion;2
baths;1
invasiones;1
modernistas;1
influyeron;1
vocacional;1
edificaciones;1
pensiones;1
dominada;1
han;9
late;1
pella;1
adicionales;1
costera;4
nicea;1
conocidocom;1
industria;5
dominado;3
hay;7
crecimiento;5
leche;1
condujo;2
financieras;1
aumentÃ³;3
wars;1
montreal223;1
grecobactriano;1
chant;1
voto;2
formada;1
dertouzos;1
jewish;1
hoboken;1
pantanos;1
vegetables;2
migratorio;1
2800;1
gimnasia350;1
limitÃ³;2
early;4
pobreza;2
junio;20
esperanza;2
europeos;6
discriminaciÃ³n;7
wikimedia;5
clÃ­stenes;1
hds;1
patois;1
buenos;2
pasajes;1
localizada;1
27000;1
universities;1
colocÃ³;4
veteranocalendaristas;1
philosophy;2
stryker;1
mowbray;1
votaron;1
1500;1
albaneses;2
chris;1
noroeste;4
metropolitana;2
diÃ¡spora;4
14bibliografÃ­a;1
ocultas;1
ocultar;3
tecnologÃ­a;8
marzo;16
crc165;1
Ğ±Ğ°ÑˆÒ¡Ğ¾Ñ€Ñ‚ÑĞ°;1
15000;1
georgios;3
tourism;2
administraciones;1
internacional152;1
respectivamente330;1
consultado;238
tourist;2
linguistic;1
indogriego;1
practicados;2
j4aj4z;1
facilidades;1
variedades;1
20002011;1
pediagr;1
torre;1
1518;1
aimilios;1
broadleaf;1
bizaad;1
piedad;1
videojuegos;1
kazantzidis;1
higueras;1
turca306;1
2870;1
polibio;2
promulgaron;1
greekacom;1
sportscom;1
fuese;1
iliopoulos;2
1537;2
fibra;1
pantomimos;1
odysseas;2
crezca;1
1550;1
history;28
campo;1
persÃ©polis;1
pÃ¡gina;7
controladas;1
palacio;2
seÃ±alar;2
2004136;1
sobresale;1
Ã³rganos;1
localizaciÃ³n;1
hospital;1
slomp;1
unido;6
iniciando;1
europes;3
1571;4
reubicados;1
cymraeg;1
debts;1
fuera;2
instauraron;1
internacional187;1
educaciÃ³n;16
europeo;5
costas;3
isbn9780199252466;1
armadas;5
magnates;2
browning;1
perÃ­odo;2
barra;3
marca;1
mantener;2
mothers;1
lingÃ¼Ã­sticamente;1
darwin;1
correspondiente;1
veranos;2
agitaciÃ³n;1
caballeros;1
responsabilidad;1
citas;2
producir;2
firma;1
prensa;1
quarantesima;1
Ğ¾Ğ»Ñ‹Ğº;1
yiannis;1
situaciÃ³n;4
contiene;1
entendemos;1
promulgada;1
tocaron;1
sustainable;2
podÃ­a;1
crueles;2
supremas;1
interior;3
how;1
hoy;4
griego;112
pp35;1
pp36;1
griega;66
entretenimiento311;1
helÃ©nicas;1
marco;2
subjects;1
dorling;1
extensa;3
dÃ­a;2
conÃ­feras;1
159b;1
publications;2
isbn9780761479024;1
puertos188;1
stegr;1
exterioreseditar;1
jehovÃ¡;1
pensionistas;1
hrc;1
cÃ­cladas;3
richard;4
mares;2
reportercom;1
carmichael;1
traducciones;1
xvii;1
hnmsgr;1
coloca;1
nacionales;2
pronosticÃ³;1
altura;1
iannis;1
brockett;1
ocultÃ³;1
statisticsgr;4
nacieron;1
solÃ­an;2
dominio;6
à½–à½‘à½¡à½‚;1
cedawop;2
henderson;1
Î´Î¹Î±Î´Î¯ÎºÏ„Ï…Î¿;1
27141;1
siglox69;1
unfinished;1
citar;1
maria;1
qualityoflife;1
Ã©tnico87;1
marcÃ³;1
financieros;1
asia;9
nueve;4
lagos;1
celebrÃ³;1
nueva;12
lingÃ¡la;1
tienen;6
kiesling;1
michael;3
toque;1
nuevo;5
requiere;1
apolodoro;1
cordilleras;1
minorÃ­a;2
creando;1
energÃ©tica;1
suspendidas;1
utilizada;5
siete;3
moldavia;1
millÃ³n;3
fanariotas;1
utilizado;4
exposiciÃ³n;1
divisiÃ³n;2
liberalesconservadores;1
nÃºÃ±ez;2
latÃ­n;1
salvaje;1
victoria;4
otomano8889;1
mociÃ³n;1
480824;1
neoclÃ¡sica;1
proclamar;1
tipos;5
comprendÃ­an;1
bell;1
à¦®à¦£à¦ªà¦°;1
geografÃ­aeditar;1
asuntos;1
tiende;1
isbn8478821090;1
operan;1
pnud;2
unidas;7
1815316;1
musulmanes;2
periodo;21
146080;1
influenciado;1
aurignacian;1
products;1
mitrÃ³poulos;1
existencia;1
773;1
æ–‡è¨€;1
776;2
espacial;4
edificios;1
herramientas;3
asumiÃ³;1
strike;1
movimientos;2
unidad;2
edificio;2
portacontenedores218;1
religioso;2
áƒ¥áƒáƒ áƒ—áƒ£áƒšáƒ˜;1
copernicuseu;1
radio;3
victorem;1
religiosa;3
geographic;1
adultos;1
hogar;1
international;4
matemÃ¡ticas;3
cities;1
greeceagriculture;1
caÃ±ones;1
problema;3
forget;1
diariamente;1
fÃ­sica;2
cueva;1
principles;1
Ñ‚Ğ¾Ò·Ğ¸ĞºÓ£;1
present;1
problems;1
considerados;2
fuertes;2
helenÃ­stico;3
parlamentaria145;1
mÃ©dicas;1
nuestros;1
desactivar;1
dieron;1
best;1
helenÃ­stica;3
menÃº;2
enero;13
charilaos;2
mesh;1
ciudadanÃ­a;1
internacional;29
negro;3
987007564324405171;1
accommodation;1
referendaria;1
octubre;9
computadora;1
theatre;2
culturales19;1
dinÃ¡ricos;1
linos;1
asty;1
131265011;1
metz;1
asta;1
ÎµÎ»ÎµÏ…Î¸ÎµÏÎ¯Î±;1
proyecciones;1
reparto333;1
abre;2
cabanillas;3
conservador;2
incluida;2
kollias;1
athensgr;1
religious;3
nordfriisk;1
bÃ¡rbaro;1
escuela;8
tayal;1
occitan;1
pangasinan;1
bases;1
christian;2
ian;2
wadsworth;1
elecciones;4
free;1
diversos;1
18771878;2
descenso180;1
seÃ±ala;1
kozani;1
face;1
empresas;2
sigloviii;2
veneciana;1
protestante;2
lyman;1
hellenismos;1
independence;2
tsiforos;1
Ğ°Ô¥ÑÑˆÓ™Ğ°;1
veneciano;1
ict;2
poco;4
a152;1
resolviÃ³;1
poca;1
referenciaseditar;1
potencias;3
sofia;1
idh;1
finding;1
vÃ©anse;2
idi;1
sensibleseste;1
griego314;1
ido;3
paroulakis;3
sorpresa;1
2917;1
dirigida;3
27siglos;1
trabajadores;2
Ñ€ÑƒÑĞ¸Ğ½ÑŒÑĞºÑ‹Ğ¹;1
newman;1
rule;1
micÃ©nicos;2
iek;1
seÃ±alÃ³;1
petrÃ³leo225;1
detrÃ¡s;1
municipalidades;1
cavafis;1
characteristics;1
dentro;9
cuantos;1
inferior;1
imparte;1
macedonia;33
gÃ³mez;1
grande;14
Î±Ï€Î¿ÎºÎµÎ½Ï„ÏÏ‰Î¼Î­Î½ÎµÏ‚;1
helÃ©nicos;1
redirige;1
1600;1
gobernadores;1
pomeroy;1
isbn0679772693;1
escritos45;1
helÃ©nicos52;1
olas;1
terrestres;2
2936;1
macedonio;1
muhammad;1
runa;1
segunda;9
lengua276277;1
respetando;1
inicio;3
segundo;8
mÃ©dicos;2
occidental;15
espinaca307;1
participaciÃ³n;5
enlaces;4
zonas;14
olimpiadas;1
politis;1
invadÃ­a;1
refleja;1
elecciÃ³n;2
mamÃ­feros;2
feroÃ©s;1
etapas;1
influida;1
olga;1
lambeti;1
church;2
orquestando;1
papas;1
poblaciÃ³n262265;1
nombres;2
imperial72;1
foreign;2
corintio318;1
Î±Î»Î­Î¾Î·Ï‚;1
cÃ³digo;3
referÃ©ndum;1
filikÃ­;1
tetun;1
27th;1
sigloviac;1
ÏƒÏ„Î¿;1
acadÃ©micos;1
multipartidistas;1
cultura;9
teÃ³logo;1
tiempo;8
culture;6
filipo;3
condiciones;1
treintena;1
first;3
comenzÃ³;7
roman;3
nÃºmero;17
lustro;1
negociaciones;2
from;11
demografÃ­a;2
ÏƒÏ‡Î¿Î»ÎµÎ¯Î¿;1
atenas4950;1
laÃ¯kÃ³;1
nouormand;1
1671;1
1670;1
publicada;1
in2;2
definitorios;1
varÃ­an;2
leboa;1
ÎºÎ¯Î½Î·ÏƒÎ·;1
focas;2
unidos;8
caverna;1
ruta;1
according;1
error;1
verdadero;1
isbn9780754619703;1
2004258;2
conservadas;3
adoptar;1
christina;1
ejemplos;3
predominante;2
lÃ³pez;1
value;1
papel;4
contra;13
aplicados;1
inc;1
agosto;19
connecticut;1
creencia;1
suficientemente;1
registrada;1
sicilia;1
polo;1
growth;2
234341e;2
judÃ­os;2
establecida;1
acortado;1
siglovii;1
clasificaciÃ³n;3
pope;1
topogrÃ¡fico;1
km169;1
alexandros;1
Ğ³ÓĞ°Ğ»Ğ³ÓĞ°Ğ¹;1
posibles;1
vÃ­a;1
texas;1
tomadas;1
resolution;1
lccn;2
Ã©lite;1
episodio;1
340243;1
762191;1
edelstein;1
slovenÅ¡Äina;1
practicada;1
alto2021226;1
22periodos;1
spyros;1
803;1
olimpia;1
primer;21
occidental340;1
cima;2
oficial;8
invierno;1
plattdÃ¼Ã¼tsch;1
significado;1
Ã³scar;1
haris;1
michigan;1
llamaban;1
precedentes;3
grecia142143;1
marinas;1
821;1
carretera;1
vegetaciÃ³n;2
825;1
827;1
olÃ­mpicos46;1
ellinikÃ­;2
gabinete;1
iso;1
mantuvo;3
sranantongo;1
democracia;6
ÎµÎ»Î»Î¬Î´Î±;3
antiguos214;1
protocolo;9
controla;1
sumada;2
oriente;4
post;1
agricultural;1
tesalÃ³nica;18
zur;1
paisajes;2
cambio;3
nikiphoros;1
considerablemente;2
olivos;2
cavaciocchi;1
inmigrantes;9
patrimonio;1
sugiriÃ³;1
its;6
notablemente;1
predijo;1
tolÄ±ÅŸi;1
independenciaeditar;1
canela;1
cine;8
ballooning;1
fundaciÃ³n;2
destrucciÃ³n;3
feasts;1
florecimiento;1
unas;2
calatrava323;1
construido;2
wallace;1
primas;1
miles;5
cebollitas;1
rebeca;1
sumaba;1
durante;42
archaeology;1
856;1
aplicarse;1
ciudades;12
ÎºÏ…Î²ÎµÏÎ½Î·ÏƒÎµÏ‰Ï‚;1
fresco;2
bithikotsis;1
cÃ¡tedra;1
aegean;3
karamanlis;1
legislaciÃ³n;2
dionisio;1
httpwwwrtveesnoticias20150205bruselaselevaprevisionescrecimientozonaeurodosdecimas2015hasta131093620shtml;1
obligÃ³;3
interceptÃ³;1
impositivos;1
hereditarios;1
Ã¡nimos;1
continuaciÃ³n;3
alrededores;1
milgr;1
motherhood;1
number;1
ØªÛ†Ø±Ú©Ø¬Ù‡;1
copias;1
orientales;1
negociaciÃ³n;1
migraciones;1
veakis;1
judeoespaÃ±ol;1
clogg;6
inhumanos;2
guerra122;1
siguiente;2
municipio;1
estatua;1
petralona;2
serbian;1
impacto;1
estatus;4
885;2
habitada;1
city;2
portalgrecia;1
Ï€Î±ÏÎ±Î»Î»Î±Î³Î®;1
ÑƒĞºÑ€Ğ°Ñ—Ğ½ÑÑŒĞºĞ°;1
escritores;1
editores;2
85Âº;1
partido;4
suministrÃ³;1
hcggr;1
escrita;1
catastrÃ³ficos;1
soberanÃ­a;2
à°¤à°²à°—;1
seguidores268;1
avaÃ±eáº½;1
seguidores265;1
resto;10
demographic;1
cuadrados;1
cristo;2
dagtoglou;2
ÏƒÏÎ½Î´ÎµÏƒÎ·;1
elliniki;1
anÃ³tata;1
sarah;1
sakellaridis;1
seguidores;2
orogrÃ¡fica178175;1
isbn9780313391828;1
Ï„Î·Ï‚;6
Ï„Î·Î½;1
debajo;2
orÃ­genes;2
mill5;2
real;3
todas;7
univ;1
panorama;2
cybele;1
unir;1
contemporÃ¡nea321;1
arrebatarle;1
dataciÃ³n;1
atti;1
76240;1
batelle;1
mcnulty;1
telegraph;1
violentamente;1
celebraron;2
recesiÃ³n;2
derechista;1
parliamentary;1
contar;1
universal;1
tovimagr;2
despedidos;1
praxÃ­teles;2
Ï„Î¹Ï‚;1
debilitaron;1
rÃ­os;4
aliada;1
apegarse;1
santÃ­sima;1
sardu;1
industriales;1
axiÃ³s;1
cacoyannis;2
constantinopla;12
armas;1
aplausos;1
kerasiotis;1
7906habkmÂ²;1
Î³Î¹Î±;1
transformÃ³;1
unos;4
lavrio;1
dÃ©ficit;8
limburgs;1
engonopoulos;1
sectores;1
annual;2
obesidad;1
diplomÃ¡ticoorg;1
barbour;1
capas;1
capaz;2
angelopoulos;3
acto;1
continuaron;2
encima;1
motivar;1
turkey;3
monasterio;3
letter;2
privilegiado;1
nivel;8
constantinople;1
romÃ¢nÄƒ;1
gobierno;30
occidental90;1
operetas;1
housing;1
autocracy;1
elisabeth;1
atribuciÃ³ncompartirigual;1
rehn;1
prÃ­ncipe;2
armados;1
50th;1
catherine;3
00562473;1
productor;3
infraestructuras;1
popular;1
consta;2
artÃ­culos;5
atribuye;2
hayden;1
nicolaos;1
estados;16
rÃ­oseditar;1
administrativas7;1
newsweek;1
armed;1
à¤®à¤¥à¤²;1
comunicaciones;1
ÎºÎ»Î®ÏÏ‰ÏƒÎ·Ï‚;1
griego67;1
grÃ¡nico;1
dilemma;1
gÃµychi;1
vryzakis;2
sitÃºa;1
peloponeso79luego;1
pp90114;1
ÑĞ»Ğ¾Ğ²Ñ£Ğ½ÑŒÑĞºÑŠ;1
mercado;3
isbn9780806132877;1
grecobizantinos;1
kwintessential;1
Ï„Î¿Ï…;3
frondosos;1
miembro;10
estadio;3
longer;1
Ï€Î¿Î»Î¯Ï„Î¹ÎºÎ·;1
kazantzakis;2
galego;1
worst;1
porcentaje;5
pp8990;1
gÃ idhlig;1
isbn9780814795682;1
gÃ¼lden;1
ÏƒÏ„Î·Î½;1
jÃ³nico;4
reclamos;1
termÃ³pilas;1
critique;1
poetas;2
invadieron;1
jÃ³nica;1
1715;1
elizabeth;1
receipts;1
supervisÃ³;1
greciaeditar;1
musicales;2
bonos;2
civiles;7
Î±Î¸Î·Î½ÏÎ½;1
edad297298;1
censo2021;1
rena;1
griego242;1
soviÃ©tica257;1
Ï„ÎµÏ‡Î½Î¹ÎºÎ¬;1
julius;1
sofocar;1
habitante;1
conquistados;1
niels;1
Ähib;1
200000;2
2005251;1
dieter;1
style;1
lugares;1
southeastern;3
16572;1
Õ°Õ¡ÕµÕ¥Ö€Õ¥Õ¶;1
comienza;3
harry;1
cifra;4
histÃ³ricas;1
nonresidents;1
freedom;3
bokmÃ¥l;1
architecture;4
insider;1
berlÃ­n;1
vepsÃ¤n;1
vestigio;1
1770;1
activar;1
mayorÃ­a;11
comienzo;1
ensaladas;1
gobierno145;1
cuestiÃ³n;3
pablo;2
lanzaron;1
domenikos;1
whoint;1
hidroala;1
georgia;1
euroligas;1
estrenÃ³;1
tomates;1
paÃ­s257;1
adam;1
crisis;21
marshall;1
pasok;1
utilizar;1
stamatopoulos;2
Ï‡ÎµÎ¹ÏÎ¿ÎºÏÎ¿Ï„Î®Î¼Î±Ï„Î±;1
ripoarisch;1
grecque;1
direcciÃ³n;1
daily;1
ropes;1
à¤®à¤°à¤ ;1
isbn9780470526644;1
largest;1
turkishgreek;1
dios263;1
abundan;1
5month;1
Î´Î¹Î¿Î¹ÎºÎ®ÏƒÎµÎ¹Ï‚;1
1798;1
dracmas;1
1797;1
Ï„Ï‰Î½;2
policÃ­aca;1
regula;1
original;63
sÃ¡tira;1
poblaciÃ³n261;1
deportada;1
mÃ¡rmol;3
pertenecen;1
histoy;1
anteriormente;2
gitanos;1
×™×™×“×™×©;1
ediciones;2
membresÃ­a;1
epidauro;1
cinema;2
enciclopedia;2
controlaba;1
syriza;2
paÃ­s215;1
lanzar;1
mÃºltiples;1
composiciones;1
paÃ­s225;1
jones;1
auge;1
92gastronomÃ­a;1
gracias;7
prominentes;1
luis;1
paÃ­s229;1
homeland;1
religiÃ¸sitet;1
humanista;1
competencia;2
portalantigua;1
sixth;1
sistemÃ¡tico;1
civil;3
national;2
lucha;1
dadia175;1
famosas;1
xitsonga;1
inaniciÃ³n;1
patrocinio;1
manifestaciones;2
ompi;1
democrÃ¡tica131;1
bizantino;21
founder;1
frondosas;1
addisonwesley;1
words;1
clÃ­nica;1
alexis;1
expulsar;3
platÃ³n;1
bikol;1
sÃ³lido;1
bizantina;4
948;1
lainz;1
calatravacom;1
pomacos;1
adriÃ¡tico;1
parte;44
etimologÃ­aeditar;1
19191922;3
humanos;9
siglo;1
12vÃ©ase;1
20082015;1
147500;1
ccprop1;2
ccprop2;1
euboea;2
champions;2
jonia;1
mantienen;1
parÃ¡metros;1
religiosas85;1
medievo;1
buscar;4
escarpadas;1
western;2
pequeÃ±a;3
desaparecieron;1
party;1
izquierdistas;1
ppxi;1
pequeÃ±o;3
brigada;1
administraciÃ³n;3
anarÃ¢Å¡kielÃ¢;1
piemontÃ¨is;1
1453286;1
arqubacom;1
harper;1
historia;18
coÃ©tnicos;1
cavendish;1
mundo;19
recientes;2
sigloxvi;1
ä¸­æ–‡;1
melander;1
colinas;1
cuyas;2
pentecostales;1
decir;5
cristianismo;7
Ñ‚Ğ°Ñ‚Ğ°Ñ€Ñ‡Ğ°;1
tiáº¿ng;1
muerte;5
director;1
×¢×‘×¨×™×ª;1
afganistÃ¡n;3
murieron;2
laureados;1
john;15
christopher;2
96Âº;1
aÃ±o337;1
penetrar;1
aÃ±o334;1
persas;3
elegante;1
penas;2
world;18
sido;6
protegerÃ¡;1
Î´ÎµÎ·;1
figuras;2
december;2
renovables228;1
guardias;1
guardian;1
italy;2
biologÃ­a;1
afueras;1
concentraciÃ³n;1
esclerÃ³filo;1
estilos;1
bacon;1
century;3
hide;1
haliacmÃ³n184;1
report;5
46523;1
madera;1
hanserichgrosser;1
kotopouli;1
refinado;1
harrington;1
piedra;2
reuters;1
lucro;1
miembros266;1
artista;2
sigue;1
contenidos;3
parlamentarias;2
expansiÃ³n;3
modernized;1
roots;1
maratÃ³n;2
movimiento;4
canea;2
creta105;1
total;13
ephraim;1
selli;1
anatolia270;1
acompaÃ±amiento;1
kriyÃ²l;1
intervenciÃ³n;2
puente;2
renacentista;1
economist;4
social;6
informe;2
parlamentaria1;1
control;12
carrermanolis;1
loafing;1
ilustradas;2
sistemas;2
earth;1
Ã³ptica;1
traducciÃ³n;1
ecpaeu;1
aumentar;1
declarÃ³;5
sobreviviÃ³;2
suspensiÃ³n;1
rÃ­tmica;1
zakynthosgr;1
publishing;4
breve;2
deuda;8
acadÃ©mico;2
marÃ­timas;1
realismo;1
banyumasan;1
140000;1
tentaciÃ³n;1
hijo;2
p1458;1
plantillas;1
Î±Î½Î¬Î³ÎºÎµÏ‚;1
ulrich;1
ciencias;2
primitiva;1
simi;1
acceso;2
egnatÃ­a;1
woodlands;1
primitivo;1
kel;1
acadÃ©mica;1
wayne;1
decisiÃ³n;1
1809;1
dimitri;2
escritura;2
winaray;1
asentamientos;5
persia;1
katz;1
sarÃ³nicas;1
kate;1
estÃ¡n;11
problemas;4
conjuntos;1
fourth;1
extremo;2
vasilia;1
selecciÃ³n;3
logros;1
contexto;1
aliados;2
1814;1
sector;6
1812;1
sino;1
cebolla;1
aplicaciÃ³n;1
1822;1
1821;5
queso;1
pilares;1
pardo;1
once;1
conocer;1
1828;1
1827;1
soberana;3
viven;2
katharÃ©vousa;3
alternaron;1
1825;2
1824;1
imforg;2
renacimiento;2
oeste;7
records;2
modernizando;1
aÃ±o254;1
1833;1
1832;2
1831;1
1830;3
oficina;3
imnos;1
livvinkarjala;1
da01404242;1
hablaba;1
unieron;1
1838;1
finalmente;2
virtud;1
ingredientes;1
venecia;2
firmar;1
conflicto;2
robles;1
clasificado291;1
josÃ©;1
technology;1
salÃ³nica;2
decremento;1
1843;1
Ï€ÎµÏÎ¹Ï†Î­ÏÎµÎ¹ÎµÏ‚;1
introducidos;1
1000074;1
pionero;1
reach;1
cremoso;1
comparative;1
battelleorg;1
sÃ³focles;1
peloponnese;1
1854;1
km7;1
policÃ­acas;1
repÃºblica;21
between;1
ÏÎ¼Î½Î¿Ï‚;1
trayecto;1
lending;1
barrocos303;1
montaÃ±as;5
1862;1
paÃ­s183;1
bronces;1
palabras;1
septiembre;14
cornish;1
permitieron;1
1880;1
euromed;1
72750;1
kml;1
Î¶Î¿ÏÎ¼Ï€Î¬Ï‚;1
segÃºn;5
16th;1
naciones;8
1877;1
esencia;1
1875;1
confianza;3
1870;1
economÃ­aeditar;1
tÃ¼rkÃ§e;1
regular;1
elevarÃ­a;1
napulitano;1
historiaeditar;1
disputa;3
gobernador;2
algodÃ³n;1
security252;1
sigloxix;9
sigloxiv;2
crossley;1
burguesa;1
hits;1
estiman;2
solorzano;1
0555;1
32fuerzas;1
1881;1
lucas;1
bÃºlgaros;1
influencias;2
parcial;1
tributaria;1
tarandÃ­ne;1
Ï€Î¿Î½Ï„Î¹Î±ÎºÎ¬;1
aves;1
kmÂ²;1
routes;1
parks;1
1897;3
1896;2
viiith;1
1895;1
conforman;1
1893;1
especiales;1
uomgr;1
empezÃ³;1
continente;7
variedad;4
individual;2
principios;6
molho;1
23periodo;1
estructurales;1
rÃ­oantÃ­rio;1
tabaco;1
competences;1
226774;1
shoenberg;1
infogreciacom;1
hizo;2
11bandera;1
conferencia;3
70130;1
musicians;1
nacional;21
liberaciÃ³n;1
leer;3
paÃ­s150;1
relativos;1
rÃ¡pidamente;3
cuatrocientos;1
studies;1
occidentales;1
prados;1
dracma;2
competentes;1
eliminaciÃ³n;5
disminuciÃ³n;1
infantil;2
harold;1
canto;1
planeaba;1
2005355;1
soldados;1
antigonid;1
informar;1
viena;1
departamento;3
helenÃ­sticas;1
televisiÃ³n334;1
stanley;1
grecia62;1
moderado;1
crusade;1
latina;1
sternnyuedu;1
viiac;1
mejora;1
hÃºmedos;2
asegurar;1
kernowek;1
corrigiÃ³;1
grecia54;1
94arquitectura;1
Ø§Ù„Ø¯Ø§Ø±Ø¬Ø©;1
ellÃ¡da;1
isbn0872205630;1
transporteeditar;1
persian;1
asociaciÃ³n;1
diplomacy;2
recortÃ³;1
actualidad;4
ÄeÅ¡tina;1
narrativa;1
mostrar;1
cocina;1
quien;4
lombard;1
actualmente;3
notable;1
kaszÃ«bsczi;1
produjo;2
padre;1
isobel;1
ifantis;1
directores;3
canciÃ³n;1
Ş‹ŞˆŞ€Ş„Ş;1
policy;8
Ğ¼Ğ°ĞºĞµĞ´Ğ¾Ğ½ÑĞºĞ¸;1
elegidos;1
schÃ¶ggl;1
pp1617;1
pp1618;1
uniÃ³n;25
preparan;1
poÃ©tica;2
aparente;1
arrojÃ³;1
impuestos;1
pinÃ­pedas;1
total188;1
kwh;1
hablar;1
derrocando;1
hablan;3
unescoorg;1
isbn9780313319495;1
nikoleta;1
speakers;2
viajes;2
making;1
paganismo;1
premios;1
celebran;1
cultivables;1
crcopac;2
smolikas;1
isbn0534646034;1
invadiÃ³;1
acaecida;1
respuesta;2
orlov;1
emiliÃ n;1
hacia;10
mayor59;1
crpd167;1
deidades;1
conservan;1
impresos;1
10deportes;1
society;2
evolucionÃ³;1
eurÃ­pides;1
ligure;1
atenaskomotini;1
ocurren;1
balkans;6
gÃ©neros;1
pilos;1
Ãºltimas;3
beaton;1
è´›èª;1
valladas;1
ocupar;2
intercambiados;1
ligados;1
contrario;1
31relaciones;1
outlook;1
lema;2
83idiomas;1
ÎµÎ´Ï;1
antecesora;1
160000;1
mundial188;1
industrias;1
capitel;1
derecha;1
tensas;1
ortodoxo70;1
cooperation;1
sachs;2
paÃ­ses;19
euroleaguenet;1
culturales;4
kÃ¡rpati;1
langue;1
worldcat;1
occidental182;1
regresaban;1
renewable;2
periferia;2
marÃ­timaeditar;1
anÃ¡lisis;1
convertir;1
sunda;1
44000;1
buques;2
flota;8
à·ƒà·„à¶½;1
atribuida;1
intereses;1
hacen;1
influenciaron;1
besar;1
atenas;45
orientaciÃ³n;1
attiki;1
Ğ½Ğ¾Ñ…Ñ‡Ğ¸Ğ¹Ğ½;1
kyriakos;1
product;1
globalization;1
coeficiente;1
minutos;1
residÃ­an;1
avantgarde;1
modernizaciÃ³n;2
concentraciones;1
revueltas;2
calcis9;1
seferis;1
caleta;1
communities;1
capital;8
ampliamente;1
flora;2
ÎµÎ¹Ï‚;1
function;1
west;2
picard;1
las;218
falleciÃ³;1
law;3
dalaras;1
expandiÃ³;1
eran;5
Ø³Ø±Ø§Ø¦ÛŒÚ©ÛŒ;1
university;22
tomaron;3
tormentas;1
turquÃ­a101112;1
pentecostgr;1
19671974;2
afirmar;1
httpseswikipediaorgwindexphptitlegreciaoldid154065292;1
occidental4748;1
evangeliaka104;1
oscarsorg;1
natural226;1
occidente;2
20000;1
meses;1
grecopersian;1
fundacionales;1
kalomiris;2
metapolÃ­tefsi130en;1
industrial;1
19671968;1
euro198;1
tÃ©rminos;5
maltrato;1
penales;1
sport;1
allyn;1
doce;1
habitantes;7
griegas60;1
colaboraciÃ³n;1
latgaÄ¼u;1
lea;2
rusos;2
chamoru;1
mantzaros;1
gÃ¼lay;1
seguir;2
27400;1
diaspora;1
informationorg;1
hadas;1
les;1
cargo;1
press;29
tumbas;1
ley;5
yorgos;1
cengage;1
kaldaras;1
1909;1
1908;1
entente112;1
importante;19
sefardÃ­es;1
constantino;3
jÃ³nico171172;1
1906;1
finley;1
1901;1
1900;2
pleiades;2
constantine;1
enfrentamientos;1
mejorar;2
otras;14
ciudadanos145;1
1910;1
3gobierno;1
does;1
1917;1
georgianos;1
encuentro;1
1916;1
proalemÃ¡n;1
1914;1
1912;1
caralampo;1
ÎµÏ€Î±Î³Î³ÎµÎ»Î¼Î±Ï„Î¹ÎºÎ¬;1
zoch;1
encuentra;4
presa;1
1920;1
papandrÃ©u;2
2008140;1
discutida34;1
1927;1
1924;1
abarcan;2
1923;2
1922;1
banderaeditar;1
ÎµÏ†Î·Î¼ÎµÏÎ¹Ï‚;1
é–©æ±èª;1
purificado;1
rescate;2
berenjena;2
gastos;2
continÃºa;2
geoffrey;1
1930;1
1935;1
socialdemÃ³cratas;1
homer;1
antigua32;1
abcclio;2
agentes;1
1941;2
1940;2
presidido;2
nÃºcleo;1
1947;1
026488523;1
1945;1
influyentes;1
1944;2
isbn9788476512777;1
escultura;6
cientÃ­ficos;1
scholeÃ­o;1
caducifolio;1
dirigiÃ³;1
ganaron;3
mejores;4
conducta;1
1953;1
1952;1
latinos;2
1950;2
siglov;2
destino;1
afieËˆlaÃ°a;1
1958;1
1957;1
1955;1
puerta;1
convention;1
noneconomists;1
parecÃ­a;1
siglos;13
europepÃ¡gina1;1
tareas;1
kalaitzidis;1
1965;1
1964;2
1963;1
1962;1
gubernamental;1
1960;2
paid;1
vigentes;1
1969;1
crcopsc;2
1968;1
1967;3
hÃºmedas;1
kardamÃ­tsiadÃ¡mi;1
espÃ³radas;1
interactive;1
pakistÃ¡n;2
nacido294;1
categorÃ­agrecia;2
1976;2
1975;4
1974;4
1973;2
1972;1
carbÃ³n;1
gabinete145la;1
1970;2
tripolitsa;1
adornando;1
lonely;3
hawaiÊ»i;1
1979;6
costarÃ¡;1
bien;2
1978;2
elevados;1
aceptÃ³;1
isbn9780892367757;1
74ciencia;1
eurogrupo;1
europaeu;14
alcanzaba;1
1990;2
roads;1
largometrajes;1
1987;4
1986;3
judicial;3
1985;1
1984;5
1983;1
1982;1
charalambos;1
1981;6
1980;2
1989;2
importancia;2
minoritarios;1
septentrional;2
euskara;1
1998;8
los;367
1997;3
1996;2
1995;2
1994;3
hunos;1
1993;3
1992;7
centro;6
1991;9
Ñ‚Ñ‹Ğ»Ğ°;1
meglenorrumanos;1
1999;6
werner;1
sinope109;1
contemplation;1
territorio;16
asturianu;1
contribuyeron;1
gastar;1
inmigraciÃ³n;1
Ú©ÙˆØ±Ø¯ÛŒ;1
otros;28
diario;1
castillo;1
esparta;2
Ã­slenska;1
zona;3
diaria;2
visitantes;1
evangÃ©licas;1
ÎµÎ½Î­ÏÎ³ÎµÎ¹Î±;1
cierta;1
helsinki;1
cierto;1
particular;3
diciembre;7
galanis;2
1935km;1
quedaron;1
paok;2
internazionale;1
constante133;1
mathematics;1
acuerdo;12
pasa;1
agencia;7
principal;31
east;1
para;67
corintios;1
estudio;6
paro;1
sumaron;1
ltd;1
prÃ³ximo;1
economica;1
ÎºÎ»Î¹Îº;1
profunda;1
Ñ‚Ğ°Ñ€Ğ°ÑˆĞºĞµĞ²Ñ–Ñ†Ğ°;1
capitol;1
economics;2
profundo;1
importantes;9
talleres;2
isbn0521274583;1
esconder;1
Î¹Î½ÏƒÏ„Î¹Ï„Î¿ÏÏ„Î±;1
siguientes;6
n80046090;1
gymnÃ¡sio;1
patras;6
luz;1
Î¹Î½ÏƒÏ„Î¹Ï„Î¿ÏÏ„Î¿;1
simona;1
acabÃ³;1
griego281280;1
relleno;1
interferir;1
capta;1
relativo;3
profile;3
disolver;2
nazis124;1
bathing;1
census;2
tradicionalmente;4
siswati;1
paso;1
ÎµÏ€Î¯Ï„Î¿Ï…;1
ministerios288;1
monte;7
fundador7;1
tourcom;1
educationcom;1
esculturaeditar;1
horizontales;1
januaryfebruary;1
habla;6
debilitamiento;2
comÃºnmente;2
emergence;1
medieval;2
ikirundi;1
alejandro;10
signatarios;1
mediterrÃ¡nea180;1
determinaciÃ³n;1
espirituales;1
constantin;1
eÊ‹egbe;1
tierra;1
existen;6
6812;1
paul;3
bÃ¢nlÃ¢mgÃº;1
verano;1
lyn;1
added;1
ç²µèª;1
generaciones;1
campanas;1
fundidas;1
recommendations;1
zouglagr;1
cocinada;1
193641;1
pueblo145los;1
pornografÃ­a;1
brings;1
ancha241;1
alcanzarÃ¡;1
legal;1
sorteo292;1
jugaron;1
club;1
pasÃ³;7
ciudadanos;5
monto;1
yogur;4
5500;2
conecta;3
Å›lÅ¯nski;1
rebeldes;2
facilitaron;1
ubicaciÃ³n;1
climaeditar;1
provincia;2
35492007;1
diÃ¡logos;1
algÃºn;2
personas262los;1
pacto;4
atribuciÃ³n;1
nuclear;2
human;1
ingr;1
70420;1
192307;1
henry;3
isbn1134386729;1
tragedia;2
brindÃ³;1
dominaron;1
incluye;3
diplomatique;1
deliso;1
moutafakis;1
implementaciÃ³n;1
thomson;1
factbook;3
naranja;1
cantaban;1
punto;5
posteriormente;3
oriental;10
russoturkish;1
occidental299;1
patria;1
suman;2
field;1
eleftherÃ­a;2
ypsilantis;1
4232;1
volviÃ³;1
à¤ªà¤²;1
incluso;3
targets;1
15021km;1
mal;1
archaeologyorg;1
indicadores;1
libre;5
leisure;2
distintos;2
map;1
mar;15
pp6366;1
alemania;3
surgir;1
may;1
ataque;1
max;1
extranjera;1
aperÃ§u;1
descargar;1
reforms;1
varios;15
frutales;1
dimisiÃ³n;1
extranjero;1
louise;2
reforma;4
afieliniËˆci;1
comunistas;1
actualizada;1
getty;1
opera;1
25guerra;1
bibliografÃ­aeditar;1
kapsaski;1
momentos;1
apÃ³stolnet;3
residence;1
lista;2
libro;4
20147;1
macedon;1
ideal;1
jelavich;1
malagasy;1
francesa;4
ideas;3
à¤­à¤·;1
neolÃ­ticos;1
becomes;1
Ø¦Û‡ÙŠØºÛ‡Ø±Ú†Û•;1
derivada;1
polÃ­ticas;3
venizelos;4
coroneles;2
servir;1
escritor;1
constitution;1
mimos;1
promedio;7
431404;1
christidou;1
20119;1
naciÃ³n;2
contraste;3
rusia;2
desarrollados;1
men;1
tecnolÃ³gica;1
mes;4
louis;1
worsens;1
cubierto;1
á—áŸáá˜áš;1
valacos;1
atlÃ¡ntico;1
tecnolÃ³gico;3
cubierta;2
Î±Î½ÏÏ„Î±Ï„Î±;1
aunque;17
superÃ¡vit;1
eurozona;2
materia;1
mihalis;1
conocimiento;1
cibercafÃ©s;1
polÃ­ticos;4
about;1
desconoce31;1
28859;1
danger;1
jerzy;1
sarna;1
territorialeditar;1
2252653;1
tales;1
resident;1
propia;1
barbarossa;1
paridad;1
186484;1
athens;7
perdiÃ³;2
zorba;1
clÃ¡usulas;1
opuso;1
acaya;2
britÃ¡nico;1
evros;1
ubica;1
vigor;2
romanÃ­;1
anchura;1
alemanas;1
medidas;3
actitud;1
mil;1
greece;75
glance;1
deporteseditar;1
acquis;1
stier;1
setenta;1
siglos85;1
middle;2
numerosas;3
ottoman;2
krausejackson;1
registrÃ³;1
Ãºnicamente;1
balkan;2
britÃ¡nica;1
texto;3
oposiciÃ³n;1
lingÃ¼Ã­sticos;1
declararon;1
wwwhellenicgodsorg;2
associated;1
todos;13
open;1
litoral;2
prÃ¡cticamente;4
stabilization;1
gorman;1
invest;3
worldcom;1
imprimir;1
registrados;1
lenguas;1
40220473;1
lateral;3
cientos;1
iglesias;2
ÎºÎ±Ï„Î¬ÏÏ„Î¹ÏƒÎ·Ï‚;2
california;1
Ğ¿ĞµÑ€ĞµĞ¼;1
realizaron;1
humanidad;2
control210;1
universitarios;1
Î¹Î´ÏÏÎ¼Î±Ï„Î±;1
pp617618;1
balcÃ¡nica;2
temperate;1
guÃ­a;3
forces;1
balcÃ¡nico;2
monde;2
culinary;1
internet;7
jpmorgan;1
colectiva;1
romano;6
imogen;1
autÃ³nomo;1
pastranecnet;1
atenas179;1
renaissance;2
navÃ­os;1
idiomaseditar;1
18th;1
romana;3
Ğ»ĞµĞ·Ğ³Ğ¸;1
mansiÃ³n;1
romani;2
cescr159;1
rangel;1
overlook;1
ÎµÏ€Î±Î³Î³ÎµÎ»Î¼Î±Ï„Î¹ÎºÎ®Ï‚;2
vÃ¨neto;1
documentaciÃ³n;1
seleucia;1
espn;1
norfuk;1
escritas;1
altos197;1
volapÃ¼k;1
slate;1
francos;2
sociedad;4
caracterizados;1
autoridades;5
books;1
Ï‡Î¬ÏÏ„Î·Ï‚;1
ciencia;7
anticitera;2
srpski;1
varias;8
policÃ­a;2
continental;2
mÃ³viles;2
kalmouki;1
feta;2
lingua;2
asambleas;1
greeks;2
londres;5
ciudadestado;1
pompeya;1
à¤­à¤œà¤ªà¤°;1
dodecaneso;2
academy;2
hasta;33
descendiÃ³;1
mÃ¡ro;1
millenium;1
greenwood;1
troyanos;1
existiÃ³;1
asimilados73durante;1
censos;1
religiosos;1
privatizaciones;1
schmitt;1
principales;18
tensiones;1
Î±Ï€Î¿Ï„ÎµÎ»Î­ÏƒÎ¼Î±Ï„Î±;1
allen;1
esto;6
nanopoulos255;1
barbarians;1
p117;1
p114;1
oliva;1
grecia17;1
fascist;1
cortes;3
patata;1
encuentran;5
9156;1
herÃ³doto;1
cuadrangular;1
respectivamente;2
ÎºÎ±Î»Î¿ÎºÎ±Î¯ÏÎ¹;1
70360;1
europeurlhttpbooksgooglecombooksidmo33nb5swccpgpa114;1
este;23
respondieron;1
p102;1
esta;19
hablÃ³;1
buettner;2
estambul;1
p107;1
economides;1
occidental301;1
acerca;1
socialdemocracia;1
facultativo;8
settimana;1
luego;15
isbn9781908215017;1
ac4143;1
alcance;1
muy;13
firmaron;1
numerosos;1
p136;1
mesolÃ­tico;1
aporta;1
750550;1
trÃ­kala;1
templo;1
214580;1
Ã¡rboles;2
issn00220094;1
francia;3
grigorios;1
p124;1
ubicÃ³;2
regresaron;1
discÃ­pulo;1
p127;1
francis;1
nicodemia;1
kabÉ©yÉ›;1
diplomÃ¡ticas;2
revised;1
Î´Î·Î¼Î¿ÎºÏÎ±Ï„Î¯Î±;2
limitaciones;1
igoumenitsa;1
enfrentaron;1
revisado;1
toda;4
p162;1
acÃ¨h;1
mesolongi;2
hornjoserbsce;1
music;5
recibir;1
frecuentes178;1
p158;1
febrero;12
springer;1
lÃ­neas;1
mayor;22
neolÃ­tico;1
permite;1
patriarcado;1
verificar;1
merchant;1
bronze;2
sobresalientes;2
civilizaciÃ³n;10
estÃ¡;21
p149;1
eesti;1
asamblea;2
science;2
Ù…ØµØ±Ù‰;1
aboard;1
catamarÃ¡n235;1
timescom;1
pertenencia;2
thÃ¡natos;2
civilizaciones;1
calcis;1
à®¤à®®à®´;1
repentina;1
p186;1
liderados;1
francocracia77;1
cristianos;5
p178;1
p177;1
internacional314;1
pinos;1
occidental3738394041;1
invasiÃ³n;4
todo;5
estimado;1
establecieron;1
56200;1
maternos;1
reducida347;1
p169;1
paganos;1
anniversary;1
xxieditar;1
postguerra;1
republic;1
inmigrante;1
historical;3
tradicional;5
ancienteucom;1
legitimidad;1
holocausto;1
discrimination;1
geografÃ­a;4
lanza;1
mwc166;1
niÃ±o;6
p191;1
Î³ÎµÎ½Î¹ÎºÏŒ;1
dramaturgos;2
livre;1
56225;1
volume;1
p189;1
chortatzis303;1
viá»‡t;1
nobile;2
bizantinos;1
arrivals;2
millones208209;1
luganda;1
iconos;1
tesalÃ³nica111;1
á½á€á€;1
abril;14
aydin;1
abrir;1
rica;2
iniciar;1
teatral342;1
cÃºpulas;1
lytras328;1
24periodo;1
rick;1
leÃºcade;1
jaeger;1
organismos;1
creaciÃ³n;4
à¤¡à¤Ÿà¤²;1
acrÃ³nimo;1
1940216;1
pedagogÃ­a;1
bizantinas;1
sufren;1
escribiÃ³;2
3000;1
lanzÃ³;1
pagar;2
inversor;2
rieu;1
tracia324;1
lietuviÅ³;1
conquistador64;1
kurt;1
agua;1
similar;1
restaurar;1
olympics;1
estancamiento;1
Î¼ÎµÏ„Î­Ï‰ÏÎ¿;1
pollock327;1
85salud;1
influencia;6
centrales;1
terremotos;1
souvlaki;1
convirtiendo;2
mirandÃ©s;1
santorini;3
vikos;1
exclusiÃ³n;1
telekom;1
cabra;2
cuanto;1
pequeÃ±as320;1
deficit;1
busto;1
intentÃ³;2
pobreza28;1
referirse;2
notables;3
agencias;1
instrumentos;4
locales;3
lograron;1
doi10108001402380500059777;1
apostÃ³lica;1
32253;1
ndl;1
toma;1
archivado;63
conquistada;2
aquellos;2
calificada;1
francisco;1
arquitectura;9
Ã©pica;1
honor;1
europea354;1
internos;1
vivÃ­an;1
militar127;1
nea;1
98000;1
gagauz;1
surgieron;5
recibiÃ³;3
longman;1
morea;4
bancarrota;1
anual;1
cable;2
new;8
cristianas;1
procesar;1
pertenece;1
comerciantes;1
baÃ±an;1
poesÃ­a;4
autoridad;11
svenska;1
mistras;1
obligatorio157;1
media;3
actividades;1
httpsmsures20150312greciaevasionfiscal;1
atraer;1
citados;1
atraen;1
tomÃ³;3
navegaciÃ³n;2
define;1
casos;1
douglas;1
medio;6
interlingua;1
interlingue;1
egypt;1
20240;1
sandÃ­as;1
intenta;1
super;2
2010137;1
intelectuales;2
intensas;1
detenidas;1
ayuda;6
vidalnaquet;1
atenas238;1
atenas233;1
faunaeditar;1
mustafa;1
johnson;1
grandes;11
koraÃ­s;1
2010207;1
comparaciÃ³n;2
cocinar;1
sigloxixeditar;1
suomi;1
bangladÃ©s260;1
cruza;1
regresÃ³;1
ladino;1
gini;1
modelo;2
iii66;1
ruso85;1
dictionary;2
reinos;2
borza;1
elÃ©ctricas;1
intentan;1
à¦¬à¦·à¦£à¦ªà¦°à¦¯;1
danubio;2
gyros;1
serres;1
nkc;1
estatuas;2
objetivo;1
2010225;2
publicÃ³;1
oÊ»zbekcha;1
soberanos;1
antifraude;1
latvieÅ¡u;1
gÃ©nero;5
crystalinkscom;1
duplicÃ³;1
penetraciÃ³n;1
tzatziki;1
nli;1
eslava;2
halladas;1
jawa;1
persa;5
impuesto;1
literarias;3
eslavo;1
kolokotronis;1
duraciÃ³n;1
trÃ¡fico;2
93mÃºsica;1
estilo;3
klincksieck;1
chishona;1
retirarse;2
19th;2
generales;2
arrumano;2
interrumpidas;1
p10;2
research;1
p12;2
p11;1
estima;4
amarillo;1
privados;1
p15;1
aÃ±os145la;1
p17;1
p19;1
cambridge;5
sovereign;1
isbn9780714644455;1
regreso;1
aderezar;1
bloomberg;3
frÃ¡gil;1
designa;1
isbn9780873382083;1
p21;1
50000;1
reopen;1
inicios;2
eleftherios;1
pindo;6
folclÃ³ricas;1
enlazadas;1
godos;1
turcos115116117;1
bernard;1
color;4
provenientes;1
grossbongardt;1
p30;1
utilizaciÃ³n;1
criptocristianos;1
enmienda;1
p33;1
surrealistas;1
p39;1
mayores;3
euros;2
publica;1
Ã­ndice;5
niarchos216;1
continuity;1
protestas;2
npr;1
p49;1
estabilidad;2
markos;1
procopio;2
nacional227;1
p50;2
p52;2
p51;1
protecciÃ³n;2
p56;1
otomanoegipcia;1
p55;1
p58;1
otomanoegipcia95;1
platillos306;1
à¨ªà¨œà¨¬;1
clÃ¡sica;12
nokia;1
1970102;1
euro2;1
esakegr;1
seeltersk;1
islandia206;1
melayu;1
utiliza;10
compuesto;1
189000;1
criterio;1
violetas;1
metro;2
clÃ¡sico;2
pp47778;1
deigr;1
andrÃ©;1
volos;3
clases;1
httpswwwhumanitefrmondegrece10ansapreslagreceentellefiniaveclausterite688591;1
p71;1
halwachs;1
commons;4
historiadores;1
p210;1
modern;8
utilizados;2
produciendo;1
cuando;16
shira;1
hellenes;1
deitsch;1
vuelta;1
p204;1
usar;1
p206;1
patras236;1
operaciones;2
museo;2
rebÃ©tico;1
alpino;1
p91;1
dioniso;1
eje121;1
p95;1
pesar;2
isbn9780521499583;1
exilio;2
apostolos;1
8demografÃ­a;1
dryden;1
samaras;2
hekimoglou;1
himno;3
alemana;2
market;1
egipto;4
tratado;5
marker;1
remanente;1
aristÃ³fanes;1
27001500;1
gÄ©kÅ©yÅ©;1
comenzaron;2
handbook;2
Î´Î·Î¼Î¿Ï„Î¹ÎºÏŒ;1
wileyblackwell;1
eleftherotypia;1
cerd161;1
generadora;1
p256;1
jerusalem;1
fuerzas;12
isbn0521003903;1
heracliÃ³n;4
krentz;1
depende;1
estimÃ³;1
invitado;1
pantelÃ­s;1
16001601;1
18801966;1
eventos;3
suroeste;2
recayendo;1
nyu;1
llevando;2
hausa;1
p283;1
p282;1
bizancio;2
alekos;2
p276;1
1933a;1
warfare;1
papanikolaou;1
giant;1
lÃ­mites;1
ÑÑ€Ğ·ÑĞ½ÑŒ;1
colonias;2
armenio;1
ÙØ§Ø±Ø³ÛŒ;1
86170;1
alfabeto;1
Î¸Î­ÂµÎ±Ï„Î¿Ï‚;1
lÃ­der;2
potencia;2
lidiar;2
steven;1
filosofÃ­anet;1
Ã¡frica;1
lynn;1
frank;2
tomate;2
dicha;4
19001100;1
localmente;1
p299;1
search;1
acepta;1
gimnasios;1
sitiada;1
considerÃ³;1
clave;3
otomana;4
sureste;3
engber;1
p292;1
otomano;15
magna;1
reciÃ©n;1
magno;9
categorÃ­a;2
maestro;1
intentos;1
municipios;2
aprobados;1
eslavomacedonios;1
encontrar;1
kent;1
à´®à´²à´¯à´³;1
cedaw163;1
dÃ©cimo;1
previamente;1
algunos;11
hechos;2
httpswwwftcomcontent464cd2c216a811ea9ee411f260415385;1
niÃ±os;3
mantinadas;1
muriÃ³;1
brill;1
ancha;1
perifÃ©ricas;2
sociales146147;1
origin;2
india;2
clase;2
inestabilidad;2
iakovos;1
tiene;10
500ac;1
conversiÃ³n;1
portada;1
class;1
ministerio;15
landon;1
carta;1
venta;2
galanos;1
supervisiÃ³n;2
dubÃ¡i;1
pensaba;1
tsipras;1
escasas319;1
cometieron;1
clark;1
equipo;1
rodean;1
stanitsas;1
hellenic;5
casaciÃ³n;1
Î»Î¿ÏÏ†Î±;1
very;1
legislativo;3
spiridon;1
congress;1
completo;1
practica;2
vasto;1
legislativa;1
william;2
permitiÃ³;1
siglas;2
regiÃ³n242526;1
clarendon;2
aÃ±os27;1
discusiÃ³n;2
metal;1
index;2
guinness;3
carne;5
marginalizaciÃ³n;1
lignito;1
edad;13
9903268;1
movimiento272273274275;1
espinacas;1
usos;2
vintage;1
telecomunicaciones244;1
colapsÃ³129;1
Ğ¸Ñ€Ğ¾Ğ½;1
pues;18
origen;5
identidad;2
algunas;17
greeces;3
96cine;1
library;2
enfrentÃ³;1
dÃ©cima;1
artÃ­culo;25
barbara;1
ccpr160;1
173450;1
antes;5
consecuencias;1
exitosos;3
tamaÃ±o;1
pudo;2
alistarse;1
dimitrios;5
europeubicaciÃ³noxford;1
dickinson;1
ÎµÎ»ÎµÏ†Î¸ÎµÏÎ¯Î±;1
elementos;4
mercante;5
aprile;1
acaya63;1
helÃ©nico;1
infraestructuraeditar;1
desconectados;1
ritadotgov;1
dalby;1
Ò›Ğ°Ğ·Ğ°Ò›ÑˆĞ°;1
sanitaria141;1
douka;1
colonies;1
cargueros;1
beneficiarios;2
daniel;2
helÃ©nica;20
expand;1
118623;1
narra;1
editar;4
influyÃ³;1
stadter;1
survey;1
montes;4
3186;1
4organizaciÃ³n;1
educaciÃ³neditar;1
issos;1
considerable;1
ratificar;1
dialectos;2
euripo;1
constantinos;1
dado;1
filosofÃ­a;6
cruzan;1
sadie;1
31000;1
lands;1
discapacidad;3
flavia;1
polÃ­tico;5
sufriÃ³;2
iglesia;9
censo;4
atenas356;1
revisionary;1
atenas353;1
producciÃ³n;8
transcurso;1
tatakes;1
patatas;1
psychopedis;1
old;1
rummel;1
19411942;1
eurocopa;1
resurgimiento;1
ancient;10
escenario;1
negro242526;1
pesca189190;1
ÏƒÏ…Î³Ï‡Ï‰Î½ÎµÏÏƒÎµÏ‰Î½;1
polÃ­tica;19
civilzation;1
madrid;1
isbn9780802822215;1
pp7983;1
evangelos;1
obtuvo;1
dÃ³rico;1
istmo;1
nynorsk;1
omt;1
identificadores;10
asiÃ¡tica;1
george;3
antigÃ¼edad;2
thompson;1
cumple;1
creveld;1
elegido;1
bosanski;1
concordia;1
descubriÃ³;1
áŠ áˆ›áˆ­áŠ›;1
onu;1
aÃ±o7;1
inspirarÃ­a;1
ge131737;1
evangelio;2
country;3
gÃ¼nlÃ¼ksenesen;1
lugar;12
milenio;1
dover;1
ecumÃ©nico;1
puesto;7
elevaron;1
politÃ©cnica;3
economÃ­a177;1
noir;1
serbia;1
ingresan;1
nelson;3
gagana;1
q41;4
antÃ­rio;1
limÃ­trofe;1
alejandrÃ³polis;1
pintor;1
milenariamente;1
aÃ±os;47
region;1
mortalidad;2
Ãºltimos;3
drop;1
euro;7
enfrenta;1
evidencia;2
storia;1
establishments;1
radiofÃ³nico;1
amÃ©rica;1
retomÃ³;1
desechos;1
fiesta;1
infobase;1
reconociendo;1
thomeas;1
recuperaciÃ³n;1
Î»ÏÎºÎµÎ¹Î¿;1
hechas;1
8000;1
austeridad;3
dimitris;4
oro;1
descubrir;1
superior;9
rendiciÃ³n;1
walon;1
anthony;1
entrenamiento;1
httpwwweleconomistaeseconomianoticias68297000615greciallegaalreferendumtras27mesesendeflacionycincoanosdecaidadelpibhtmlkku8jclupprtndi;1
osm;2
kwh7;1
oso;1
revistas;1
relativamente;3
puso;3
isbn9781405162722;1
noruego;1
picasso;2
como;111
llamados;1
ote;3
frente;2
wifi;2
liga;7
vrasidas;1
vieron;2
campesino;1
utah;1
frederik;1
gradualmente;2
columbia;1
pleno;1
instrumental;1
utc2;1
utc3;1
sexual;1
izquierda;2
betty;1
mural;1
provenÃ­a;1
ambiente;1
ÎºÏÎ¼Î±Ï„Î±;1
milburn;1
tanto;4
fakatonga;1
representado;2
Ãºnicas;1
rectangular;1
senatorial;1
levantado;1
ingresos;3
isbn9780618771509;1
jorge;2
bronce;1
Î´Î·Î¼ÏŒÏƒÎ¹Î±Ï‚;1
balcÃ¡nicos;2
casas;1
lausana;2
constantinoplala;1
puts;1
cuarteles;1
cebuano;1
rumagnÃ²l;1
construcciÃ³n;5
data;7
antioquÃ­a;1
2015132;1
dinastÃ­a;1
artecom;1
2917metros;1
repeliÃ³;1
publishers;1
otomanos106;1
culto;1
aproximadamente;2
solar213;1
development;3
003355;1
resource;1
aumentado;3
afiliaciÃ³n;1
siguieron;3
Î·Î»ÎµÎºÏ„ÏÎ¿Î½Î¹ÎºÎ®Ï‚;1
branches;1
frases;1
council;1
dicho;1
campeonato352;1
ekathimerinicom;1
desarrolladores;1
sesotho;1
sansone;1
persia56;1
recovery;1
evaluaciÃ³n;1
avances;1
salida;1
consecutivas;1
Î´Î¹Î±Î´Î¹ÎºÏƒÎ¯Î±;1
guÃ­as;1
pueblo;10
cemnen;1
parÃ­s;2
will;1
makrÃ­s;1
groups;3
cuisine;1
á‰µáŒáˆ­áŠ›;1
considera;3
frase;2
compliance;1
york;8
ĞºÑ‹Ñ€Ğ³Ñ‹Ğ·Ñ‡Ğ°;1
wild;2
moderna;17
dagbanli;1
ortodoxo;1
aspiraron;1
remota;1
moderno;7
kyriÃ¡kos;1
victor;2
deudores101;1
nova;2
paleolÃ­tico;1
lÃ­deres;2
organizational;1
wins;1
crÃ­tica;2
maestros;1
pavlos;2
coup;1
jÃ³nicas;10
crÃ­tico;2
ortodoxa;6
altitud;2
zante;2
marcharon;1
encaminadas;1
liberar;1
predomina;1
autodidÃ¡ctico;1
quiÃ©n;1
nevadas;3
factores;1
slovenÄina;1
dividir;1
listing;1
lira;1
1400000;1
Î´Î¹ÎµÎ¯ÏƒÎ´Ï…ÏƒÎ·;1
textos;1
forests;2
lesbos170;1
pioneros;2
creado;2
castaÃ±os;1
harcourt;1
batallas;2
tarde;3
aire;1
unprecedented;1
faces;2
imperial;2
respectivamente83;1
3200;1
33derechos;1
modernas;3
orthodoxy;1
pastel;1
extienden;1
januarymarch;1
ocupa;2
producciones;4
homero;5
reproducir;1
canciones;7
instituteorg;1
europea189;1
paz;2
9cultura;1
desaparecer280;1
enosis;1
list;1
implantÃ³;1
caÃ­da;9
andrew;3
totalmente;1
dc349;1
zeÃªuws;1
europea185;1
caliza;1
graecia;3
isbn9780472081493;1
azul;5
elige;1
millones222;1
ornamentado;1
tabaquismo;1
germany;1
kapodistrias;1
garantiza;1
millones220;1
desarrollarse;1
iiiac;1
varÃ­a;1
trinidad;1
live;1
pct;1
externoseditar;1
austeridad211;1
instalaciones;1
Ğ°Ğ´Ñ‹Ğ³ÑĞ±Ğ·Ñ;1
graikÃ³s;1
multimillonarios;1
nikolaos;1
pintores;2
with;1
pdf;35
service;1
ÜÜªÜ¡ÜÜ;1
padecerla;1
american;3
Î±ÏÎ¼Î¿Î´Î¹ÏŒÏ„Î·Ï„ÎµÏ‚;2
reich;1
maritsa;1
tecnolÃ³gica289;1
encyclopaedia;9
concise;2
orgÃ¡nicas;1
bandera;12
per;2
ciertos;1
oscar;1
visitarla;2
period;4
africa;1
tecnolÃ³gica290;1
especies;4
birth;1
pÃºblico;3
botes;2
producida;1
diferentes;2
autoritaria;1
svaszz;1
localizadas;1
andronikos;1
alberga;4
desarrollaron;3
fenÃ³meno;1
renovable;3
representÃ³;1
taclá¸¥it;1
lineal;3
parecer;1
pÃºblica;8
bÃºlgaro282283;1
espartanos;1
wittelsbach;1
3141009198;1
ensalada;1
platillos;1
aceptaciÃ³n;1
isbn9781590337530;1
osce;1
roland;1
arroz;1
compaÃ±Ã­as;2
intercultural;1
pib;17
pie;1
integraron;1
revuelta;4
tarea;1
evangÃ©lica;1
matthew;1
representa;3
reducciÃ³n;1
pasaron;2
pp340;1
snow;1
valores;1
rodeada;1
manolia;1
primero;2
causa;3
entrar;1
isbn9780130384805;1
romÃ¡ntico;1
militar343;1
paideia;1
verde;1
entran;1
estallaron;1
diccionario;3
paidikÃ³s;1
glykerÃ­a314;1
primera;23
tradujo;1
hesÃ­odo;1
tÃ¼rkmenÃ§e;1
fullinwider;1
unificado;2
pistaches;1
albergÃ³;2
manolis;1
representativas;1
mundiales;1
redactada;1
ober;1
rÃ©cords;1
jÃ³nicos;1
libertad;4
pelÃ­culas;2
recuperar;1
dunstan;1
requerir;1
admiraron;1
qaraqalpaqsha;1
parque;6
marina;4
rumano;2
stanford;1
horneado;1
amante;1
fondos;2
franÃ§ais;1
eaqrthquake;1
tierras;2
a17;1
bizantinodesarrollÃ³;1
alemannisch;1
woodhouse;1
coordenadas;1
sopas;1
336403;1
por;169
unesco;1
kreyÃ²l;1
otegr;1
homogÃ©neo;1
vatikiotis;5
pena;1
dobratz;1
ppa;1
marios;1
saltarÃ­a;1
leuctra;1
seguridad;1
routledge;5
homogÃ©nea;1
agrupan;1
escasas;1
pp248;1
ateniense;2
ÎºÎ¬Î½Î¿Î½Ï„Î±Ï‚;1
decidieron;1
neolithic;1
territorios93;1
muestras;2
alejandrÃ­a;1
diarios;2
cineeditar;1
smith;4
juan;1
tesalia;10
ucraniano;1
Ñ‡Ó‘Ğ²Ğ°ÑˆĞ»Ğ°;1
frÃ­os;1
isbn0333608003;1
2007221;1
acciones;3
1999134;1
cimas;1
pib205;1
spielvogel;1
pib219;1
ramas;2
epiro250;1
ÏƒÏ‡Î¿Î»Î®;1
cuatro;9
epiro257;1
finalizar;1
tonelaje;1
athos;3
ciudad;8
rescate156;1
maritime;1
tensiÃ³n;1
pero;23
grecia154;1
agricultura;2
ceremonial;1
p410;1
haldon;2
lÃ¡risa;4
escala;1
secreta;1
httpwwwrppcompe20150113unodecadatresgriegosestaensituaciondepobrezayendeudamientonoticia759197html;1
horton;1
paÃ­s;45
kalamata;1
medida;1
Ù…Ø§Ø²Ø±ÙˆÙ†ÛŒ;1
constituyen;3
marika;1
Ğ¼Ğ°Ñ€Ğ¸Ğ¹;1
cruzada;1
papchristou;1
embargo;11
democrÃ¡ticamente144;1
sofocados;1
continuÃ³;1
shadow;2
tras;11
monodia;1
ktistakis;1
80000;1
otomano9192;1
personajes;2
trad;1
fundÃ³;3
anatolia75;1
struggle;2
peso;1
dirigÃ­a;1
academiaedu;1
eest;1
nauplia;1
vitalicio;1
pese;4
derrotado;2
interpretadas;1
obras;16
Ã¡frica58;1
restablecimiento;1
helenÃ­stico65;1
fueling;1
derrotada;1
nacionalcitarequerida;1
espelosin;1
cuentan;2
grecia107108;1
taberna;1
cuentas;1
meglenita;1
circulaciÃ³n;1
nbggr;1
à¤¸à¤¸à¤•à¤¤à¤®;1
hecho;6
stelios;1
cumbres;1
chavacano;1
reconocen;1
prefijo;2
ÎºÎ±Î¹;4
kerin;1
obra;6
trabajados;1
grove;1
envejecimiento;1
january;2
antiquity;3
gentilicio;1
backgrounds;1
travel;3
375903n;2
catorce;1
civilization;2
razones;1
kavala;1
mitsotÃ¡kis;1
constituciÃ³n;6
tres;17
britains;1
group;1
archivo;2
gross;3
Î¼Î¿ÏÏ†Î®;1
italianas;1
glossaedu;1
ciudadeseditar;1
neobizantino;1
Î¿ÂµÎ¬Î´Î±Ï‚;1
caracterizaron;1
archive;1
skalkottas;1
detallado;1
securityorg;1
suscripciÃ³n;2
guideorg;1
their;1
percent;1
vivos296;1
agitada;1
general;6
identifica;3
lenguaje;1
tec00001;1
ataques;1
ganar;2
temas;2
mundial;17
energÃ­aeditar;1
proceso;4
igualdad;1
eighth;1
colecciÃ³n;2
innovaciÃ³n;3
xenakis;1
anteriores;1
vitsentzos;1
citada;1
vodafone;1
Ã°imokÉ¾aËˆtia;1
rumanos;1
perteneciente;1
sociales;7
anticomunistas;2
dansk;1
dawkins;1
desigualdades;1
reflejados;1
á¼‘Î»Î»Î¬Ï‚;2
miconos;1
sÃ­mbolos;1
mientras;16
templos;1
dodecateÃ­smo;1
dramatizÃ³;1
Ğ±ĞµĞ»Ğ°Ñ€ÑƒÑĞºĞ°Ñ;2
desarrollÃ³;2
festival;1
privadas;1
eduplacecom;1
population;3
empresarios;1
modernista;1
tabÃº;1
mucho;4
islands;7
izando;1
otomana85;1
faber;2
giotto329;1
integrar;1
hospitales;2
317334;1
estuvo;2
despuÃ©s;11
peter;5
integral;1
farming;1
cepit;1
colapsÃ³;1
cediendo;1
tracia;9
ÎºÎ¿Ï…Î¶Î¯Î½Î±;1
nunca;3
kÃ¡rsticos;1
consisten;1
peces;1
varones;1
fiba;3
partidos;2
kathimerinÃ­;1
actriz;1
westermann;1
naciÃ³;1
ministro100;1
fifa;1
recortes;2
alpes;1
promover;3
comienzos;1
brewer;1
train;1
apostolic;1
planet;3
isbn8437611962;1
2001;16
2000;13
planes;1
puedes;2
08876;1
llaman;1
pueden;10
tratos;2
acudiÃ³;1
habÃ­a;4
clasificados;1
administrativas;1
trajo;3
comitÃ©;12
102420;1
2012;44
2011;31
heptaneso;2
2010;40
relevancia;1
trabajos;1
introductory;1
2009;17
estrechas;1
2008;18
2007;11
capiteles;1
2006;13
2005;10
2004;18
2003;12
selfimages;1
2002;6
juega;1
colapso;3
citadina151;1
respecto;1
mÃ¡s;119
owner;1
Ï€Î»Î·Î¸Ï…ÏƒÎ¼Î¿Ï;3
isbn9781610488983;1
otan;3
cristiano;1
variantes;1
2023;4
respecta;1
2022;3
2021;4
solo;14
monitor;1
2020;2
vahcuengh;1
bajas;3
home;1
2019;4
2018;2
2017;2
2016;6
eliminar;1
2015;11
2014;292
2013;37
iron;1
cristiana;2
revolucionario;1
materias;1
desempeÃ±o;1
variante;1
selÃ©ucida;1
dominante;1
encontrarse;1
hope;1
olvidadas;1
graneleros;1
asocia;1
gitano;1
executive;1
descifrar;1
visual336;1
sons;2
fija;1
huelgas;1
abiertas;1
danzaeditar;1
wikinoticias;2
borejsza;1
macmillan;1
existido;1
negociÃ³;1
crear;3
alrededor;5
hindi;1
cercano;1
econÃ³micas;1
exacerbÃ³;1
ministro148;1
europea212;1
europea213;1
disminuido;1
reparte;1
gloria;1
universidad;5
moses;2
tasa;5
turcos;9
summer;1
descentralizadas;1
robert;5
jesÃºs;1
austin;1
sÃ©ptimo;2
member;1
moneda;3
postmodernistas;1
zagohoria;1
exigiÃ³;1
2001118;1
ocde;8
primarios;1
81inmigraciÃ³n;1
1988357;1
positive;1
Ã¡tica;3
fiji;1
2060;1
mediterranean;1
800ac;1
mizithra307;1
inversiones;2
return;2
hablaban;1
ÎµÎ»Î»Î·Î½Î¹ÏƒÎ¼Î¿Ï‚;1
furlan;1
instituciones;1
à¦¬à¦²;1
ricos;1
pp219;1
duplicados;1
laconia;1
kambanelis;1
heath;1
reviews;1
fine;5
catop;2
selected;1
grecohablantes;1
europea224;1
reyes;1
definitive;1
film;3
chapin;1
sherry;1
horn;1
filosÃ³fica;1
scientists;1
extensos;1
libres;1
since;2
scrubs;1
tamÃ¡s;1
resuelven;1
nocturnos;1
nikos;5
blanca;3
paneles;1
numerosos222;1
mostrÃ³;2
cesarea346;1
Ã©pocas;2
ambas;1
estatutos;1
digenÃ­s;1
ocho;1
cordero;1
encyclopÃ¦dia;5
conocida;7
akal;1
conocido;7
blanco;1
griega312;1
villa;1
irving;1
Ã©poca;4
rebeliones;1
contribution;2
poblaciones;2
limitaciÃ³n;1
fire;1
terminaron;1
decorativo;2
sluglett;1
formalmente;1
everett;1
unidades;2
moderna19;1
rodas;4
centrista;1
global;8
incremento;3
prueba;1
estÃ¡ndares;2
pp164165;1
aboutcom;2
163380;1
nominal;2
populares;4
221230;1
perspective;2
modernos;3
afecta;1
cualquier;2
planta;1
people;4
democracy;3
simon;1
oclc;1
Ğ±ÑŠĞ»Ğ³Ğ°Ñ€ÑĞºĞ¸;1
sur57;1
unificadas;1
ranking;4
introducciÃ³n;1
theodoros;4
reconstruido;1
inviernos;2
citiescom;1
guarderÃ­as;1
supresiÃ³n;1
provincias;1
12000;1
ÎµÎºÏ€Î±Î¹Î´ÎµÏ…Ï„Î¹ÎºÎ¬;1
relacionadas;1
evidente;1
conforma;2
bosque;9
p500;1
ÎµÏ…ÏÏ…Î¶Ï‰Î½Î¹ÎºÏŒÏ„Î·Ï„Î±Ï‚;1
bajos;1
conflict;2
que;213
empleo;1
isbn;3
father;1
stavronikita;1
emplea;2
pinturas;3
conquistas;1
reemplazar;1
otro;5
compartir;1
bowman;2
reconocida;2
otra;2
summary;1
editorflower;1
theophrastos;1
Ï€Î¿ÏÎ¯ÏƒÂµÎ±Ï„Î±;1
preescolar;2
antoine;1
consigo;5
kazanlak;1
18211830;1
azotaran;1
ferrocarril;1
akis;1
otomanos79;1
soviÃ©tica;1
externos;1
13676km;1
sistema;9
183800;1
olÃ­mpico;2
traer;1
jefe;2
during;4
antigua;28
otto;1
hellas;2
games;1
antiguo;4
traen;1
escultores;1
Å¾emaitÄ—Å¡ka;1
logrÃ³;2
welcomes;1
temples;1
teatroeditar;1
ocasiÃ³n53;1
cretenses;2
linguistics;1
extensiÃ³n;2
caracterizÃ³;2
olympicorg;2
econÃ³micos;4
trebisonda;1
aÃ±os289;1
prolongada;1
kyle;1
europa173;1
dieta;1
grupos;3
stathmÃ³s;1
creta;15
londres96;1
bires;1
debido;7
í•œêµ­ì–´;1
holocaust;1
electricidad;3
intercambio;2
portuguÃ©s;1
independientes;1
aÃ±os258;1
subsecciÃ³n;7
opiniÃ³n;1
ambos;3
Î½Î±;1
constante;1
poblacional;2
aprobÃ³;2
xenÃ³pulos;1
aÃ±os2930;1
actores;2
aeronaves;1
greecegov;2
revisiÃ³n;1
despotado;2
36035;1
ÎµÎ»Î»Î¬Î´Î¿Ï‚;1
aprueba;1
festejar;1
pensamiento;1
tpm188;1
magyar;1
otomanos18;1
desarrollo;19
crucificado348304;1
sifakis;1
kornaros;1
64turismo;1
transporte;4
totalizar;1
professionals;1
2025199;1
membership;1
incrementÃ³;4
public;3
caracteriza;1
danza;1
mousourgou;1
cuenta;7
telecomunicaciones;4
dividiÃ³;2
baÃ±ado;1
meillet;1
norwich;1
malraux;1
traci;1
helenos;4
morada;1
graduados;2
kongo;1
portuguÃªs;1
regresar;1
performance;1
serie;6
Ã³scar333;1
ÎµÎ±ÎµÏ€;1
genocidio;2
declive;1
ioannis;4
popularidad;2
inventÃ³;1
inglÃ©sconcretamente;1
comercial;2
nationalism;2
grecojudÃ­a;1
espacio;1
versiÃ³n;8
appendix;1
salamina;1
brezhoneg;1
isla;13
cultural;6
ptolemaico;1
retsina310;1
vehicular;1
culturas;1
prÃ©stamos204138;1
2014143;1
ê¯‚ê¯Ÿ;1
Ãºltimo;3
pp13132;1
akritai;1
balonmano;1
ÏƒÎµ;2
isni;2
30000;2
estallÃ³;1
wikipediapÃ¡ginas;5
scott;2
scots;1
morris;1
quienes;1
persistentes;1
egipcios;1
categorÃ­as;2
23citarequerida;1
textual;1
oppression;1
ê¯ƒê¯‡;1
financieraeditar;1
musaca;1
spin;1
â±„â°¾â±â°²â±‘â±€â±â±„â°½â±;1
Ï„Î¿;4
Ø§Ù„Ø¹Ø±Ø¨ÙŠØ©;1
referencia;4
enviromental;1
fleet;1
alcanza;2
encabezado;1
posteriores;2
red;3
primeros;6
egea;1
hellÃ¡s;3
hidroelÃ©ctrica;1
confianza145;1
helped;1
encabezada;1
res;1
emulados;1
rey;5
musulmana;3
otomanas;2
miembros;7
otomanoeditar;1
asisten;1
cultures;1
Ãºltima;3
tsakonio;1
washington;1
autÃ³nomas;1
aei;1
desconocido;1
aek;2
culminÃ³;1
vecina;1
enviar;1
expandido;1
situada;1
campeonatos;1
basado;1
reducir;3
cÃ©sar;1
urbanos;2
egeo;13
istituto;1
divididas;1
madhurÃ¢;1
indican;1
superficialmente;1
mover;3
escudo;1
katsiaridihering;1
cientÃ­fica300;1
disturbios;1
Î±ÎºÎ±Î´Î·ÂµÎ¯Î±Ï‚;1
age;5
negligencia;1
biotechnology;1
bahasa;2
cabo;1
tÃ­tulo;1
years;1
cabe;2
52flora;1
katina;2
convirtieron;2
aprendizaje;1
incrementos;1
cescr;1
negroponte;1
iranica;2
guiso;1
aggregates;1
jmthgr;1
descendientes;1
aid;1
zamboanga;1
monarquÃ­a;5
financiera237;1
judÃ­a;1
other;1
amenazadas;1
minorities;1
requieren;2
meridional;2
air;3
xyndas;1
secciones;1
atenasel;1
urbanas;1
yace;1
naturaleza;1
baloncesto;3
desarrollase;1
otomanos;7
xviii;1
agrinio;1
centralcom;1
cree;3
boba;1
fracasaron;1
cada;13
pocos;2
historial;2
vayan;1
gastronomÃ­a;5
televisiÃ³n;3
á€™á€”á€™á€˜á€;1
infographic;1
donald;1
franchthi;2
regional9;1
eleftheriadis;1
modo;2
forzado;1
ali;1
14811;1
econÃ³mica;7
boda;1
Î´Î¹Î±Î¸Î­Ï„ÎµÎ¹;1
ahÃ­;1
econÃ³mico;5
achim;1
stavrianos;1
villas;1
contemporary;3
territorial;3
idÃ©ntica;1
fondo;4
dhomÃ¨re;1
wilkinson;1
resistencia;3
kindersley;1
keepeekcom;1
isbn158567172x;1
leones;1
t189;2
tÃ©cnicasvocacionales;1
ê®³ê®ƒê­¹;1
and;72
secular269;1
arquitectÃ³nico;1
marshall126;1
puede;3
universalel;1
unicameral;1
westport;1
ant;4
menudo;3
icaria;1
blodget;1
consiste;1
creÃ³;2
otomano18;1
cÃ©lebres;3
campesinos;1
papiamentu;1
introdujo;2
grado;2
ethnologue;1
olimpo;4
oxford;10
barrera;1
altas;2
rÃ³dope;1
english;2
kourvetaris;1
sÃ­labas;1
t190;5
alÃ­;1
nicholas;4
desambiguaciÃ³n;2
dune;1
tribunales;1
greecegr;1
egon;1
viaf;2
000;3
repÃºblica97;1
hertslet;1
triangular;1
nerit;1
wikipediacontrol;1
dunn;1
activos262;1
vida;5
patricia;1
odos;1
mitad;2
16841699;1
autÃ³nomos;1
joaquÃ­n;1
mecanismo;1
mundial322;1
seguida;4
cookies;1
cuarto;3
asistencia;5
fruits;2
are;1
ellas;4
ÑĞ·Ğ±ĞµĞºÑ‡Ğ°;1
pireo;2
where;2
cuarta;2
art;1
aru;1
025;1
relations;1
Ø§Ø±Ø¯Ùˆ;1
7000;1
through;1
ÎµÏ€Ï„Î±Î½Î·ÏƒÎ¹Î±ÎºÎ®;1
hostilidad;1
acrÃ­ticas;3
aisladas;1
crpd;1
032;1
httpswebarchiveorgweb20140717035456httpwwweapgrviewphpartid2613;1
protests;1
038;1
tasos;1
antiguos;7
results;1
bancio;1
à¤•à¤•à¤£;1
evoluciÃ³n;2
liderazgo;2
aeropuerto;2
holland;3
043;1
verdes;1
privat;1
bulgarian;2
crop;1
octava;1
crunch;1
contenido;4
griegos;58
abolish;1
book;2
autopista;3
edition;1
israÃ«l;1
latitudes;1
calcÃ­dica;1
presiÃ³n;1
griega168;1
tercero;2
surgiÃ³;1
armstrong;1
ioannidis;2
stoupa;1
bond;1
065;1
irene;1
discourse;1
hesÃ­odo339;1
asÃ­;6
1839en;1
oleada;1
unported;1
institucionalizÃ³;1
leader;1
casa;3
desarrollado;2
distintas;1
Î³ÎºÏŒÎ»Ï†Ï‰;1
cass;1
nara;1
griegas;17
histoire;1
caso;2
alcanzÃ³;2
childrenorg;1
gimnasio;2
casi;7
primeras;6
piensa;2
antiguas;2
084;1
p663;1
headrick;1
armada;3
perles;1
engendrar;1
recomendaciones;1
yavuz;1
partes;5
allÃ¡;1
ÑÑ€Ğ¿ÑĞºĞ¾Ñ…Ñ€Ğ²Ğ°Ñ‚ÑĞºĞ¸;1
ÎµÎ½Î­ÏÎ³ÎµÎ¹Î±Ï‚;1
relacionado;4
diccionarios;1
conectan;2
Î±Î½Î±ÎºÎ¿Î¯Î½Ï‰ÏƒÎ·;1
isleÃ±os;1
territorios;8
economÃ­a;13
devastaciÃ³n;1
more;1
frontera;4
panathinaikos;2
73telecomunicaciones;1
ÏƒÏ„Î­Î»Î»Î±;1
nasa;1
cooperaciÃ³n;6
nears;1
insuficiente;1
cruz;3
vino;1
navy;1
simple;1
declives;1
studiesus;1
noviembre;16
cave;1
king;1
ÎµÎ½ÏŒÏ„Î·Ï„ÎµÏ‚;1
amenaza;1
obligatorio;1
templado;2
ouzo;1
23728055555556;2
central178;1
comercio;5
obligatoria;4
llegar;3
intercambiar;1
pelÃ­cula;1
xenios;1
61crisis;1
guillermo;1
inversiÃ³n;3
tradicionales;1
alto;8
grecia317;1
synodinos;1
database;1
rumania;3
forskning;1
panagiotis;1
romanos319;1
polemis;1
anatolios;1
bancos;1
malti;1
san;3
roudometof;1
sÃ­mbolo;1
conflictos;4
memorables;1
obsoletos;1
246258;1
ferrocarriles;1
alta;2
favor;4
organizations;1
historia55;1
paxinou;2
sigloiiac;2
bad;1
mostraron;1
mismo;4
sarÃ³nico;1
53rÃ­os;1
granadas;1
synod;1
heroica;1
nazi;1
pescado;1
isbn9780486240732;1
horrocks;1
ganado;1
draft;1
galerÃ­a;1
laboral;2
genikÏŒ;1
telecomunicacioneseditar;1
bbc;3
fifa351;1
flujo;1
particiÃ³n;1
enormemente;1
trabajaban;1
ekpaideftikÃ¡;1
trimestre;1
personas;14
azÉ™rbaycanca;1
resistiÃ³;2
meteorolÃ³gico;1
eyes;1
sea;2
provee;1
cayÃ³;5
Ñ€ÑƒÑÑĞºĞ¸Ğ¹;1
helenos33;1
pangcah;1
sep;1
utilizaban;1
sovereigndebt;1
ÎºÎ±Ï„Î¬;1
ser;8
dramÃ¡ticos;1
americanworld;1
dejado;2
sex;1
novelas;1
biography;1
Ï„ÎµÎ»Î¹ÎºÏŒÏ‚;1
incluidos;1
degradantes;2
battle;1
dionysios;1
keepeek;1
franja;1
ethnos;1
hellenistic;1
igual;1
obligado;2
horn305;1
densidad;1
arcaico;1
cynthia;1
oecd;1
fertilidad;1
vÃ©ase;10
shipping;3
2historia;1
franca;2
vive;1
tenis;1
feraios;1
princeton;5
vivo;1
isbn0959089403;1
copleston;1
universidades;4
llegaron;2
sitaropoulos;1
franco;1
debe;1
veintisiete;1
2014com;1
isbn9788499200958;1
califica;1
licencia;3
danforth;1
arcaica;1
debt;4
alza;1
little;1
cursos;1
parado;1
robertson;1
62agricultura;1
acaparÃ³;1
100000;3
Î²Î¹Î²Î»Î¯Î±;1
2250;1
frenÃ³;1
humana;1
firmado;4
pÃ³nticos;3
isbn9781607811503;1
davvisÃ¡megiella;1
jersey;2
19582014;1
vergina;1
sin;24
destacados;5
dÃ¡tiles;1
extremas;1
treinta;3
admiradas;1
divorcios;1
eleftherÃ­an;1
srpskohrvatski;1
pagado;1
subcultural;1
18001975;1
humano;1
isbn9780195097429;1
advanced;1
visitada;1
trudgill;2
nations;2
cerca;10
advances;2
pib246;1
concurso;1
larga;1
ÎµÎºÏ€Î±Î¹Î´ÎµÏ…Ï„Î®ÏÎ¹Î±;1
organizaciones;2
phil;1
extendiÃ³;3
santiago;5
evasiÃ³n;1
christos;1
suspendido;1
kurdÃ®;1
carathÃ©odory;1
myres;1
atletismo;1
hubgr;1
thessaloniki;1
panhelÃ©nico;3
novial;1
frommers;1
tabla;2
largo;3
eterÃ­a;2
sigloviac341;1
table;1
taqbaylit;1
particularmente;1
kostas;3
gaeilge;1
change;1
europa36;1
fuertemente;3
principalmente;6
multimedia;3
olÃ­mpicos;6
exteriores;6
especialmente;2
ccprop2dp;1
trabajo;1
democrÃ¡tico;2
vinos;1
sol;1
son;32
ibrahim;3
bnf;2
postmodernista;1
modis;1
transmisora;1
adamantios;1
ciclÃ¡dica;1
comparte;3
desembocÃ³;1
ÎµÏ€Î¹Ï„ÏÎ¿Ï€Î®Ï‚;1
volvieron;1
agravÃ³;1
bob;1
trabaja;1
dÃ©cadas;3
arquitectÃ³nicos;1
mejorado;1
total259;1
oficiales;2
militares;3
arbanitas;1
racial;2
dionisias;1
ponerla;1
hedges;2
prices;1
subir;1
provenÃ­an;3
nature;1
demandas;1
isbn9780763759650;1
rumantsch;1
postres308;1
absorbieron;1
visitado;1
awards;1
106;1
convertirse;1
suavizados;1
ciencia14151617;1
578400;1
naxoscom;1
redujo;3
110;1
114;1
especÃ­fica;2
116;1
geography;4
vÃ©ria;2
utilizaron;1
guerras;4
australia;1
120;3
bonhamscom;1
hegemÃ³nico;1
extender;1
servicios;4
mission;1
å´è¯­;1
124;1
125;1
perdidos;2
126;1
secretarÃ­a;2
incluidas;1
grigoris;1
ÏƒÏ„Î±Î¸Î¼ÏŒÏ‚;1
lessons;1
Ã¦nglisc;1
templados;1
prÃ©stamos;1
1828tras;1
cinii;1
130;1
sus;29
132;1
sur;5
tarso;1
estadÃ­stica;8
Ã©picos;1
136;1
138;2
comedia;5
heptantesa;1
86ciudades;1
protestantes;1
grecoitaliana;1
necesaria;1
contacto;1
turÃ­sticas;1
anuales201;1
alguna;1
aquiles;1
chitumbuka;1
stork;1
tagalog;1
145;1
146;1
sultÃ¡n;2
neoclassical;1
clasificar;2
story;1
derrotaron;2
à¤…à¤—à¤•;1
cnosos;1
esopo;2
150;1
151;3
religiosos326;1
cinco;5
155;1
aprendÃ­an;1
157;1
158;1
11Âº;1
esquilo;1
nelleconomia;1
soportan;1
films;1
reino;12
grecia262;1
mejoraron;1
162;2
panteÃ³n;1
facciones;1
168;1
lamÃ­a;1
regiÃ³n;10
electo;1
suburbanos;1
Î¸Î¬Î½Î±Ï„Î¿Ï‚;2
sakkoulas;3
olaÃ±eta;1
ituint;1
principado;1
idea;1
provocar;1
171;1
vasileios;1
176;1
177;1
exÃ¡menes;1
comparada;1
keridis;1
brutal;1
bailarines;1
secundarias;2
figura;3
comparado;1
14Âª;1
enlistados293;1
macedÃ³nicas61;1
demÃ³tico;6
consumption;1
sigloxvac;1
central230;1
migration;4
dictadura;5
trenes;1
prohibiciÃ³n;1
justiniano;1
poseÃ­an;1
15Âª;1
christianity;1
kadritzke;1
pp358359;1
191;1
193;1
panhelenismo;1
196;1
ÑÑ€Ğ¿ÑĞºĞ¸;1
aulos;1
llegaran;1
children;2
review;3
tener;5
weather;1
espaÃ±ola;5
guide;2
mundo7;1
amor;4
ethnic;1
eoppepgr;1
epiro174;1
oficial302;1
naves;1
tenÃ­an;2
hace;1
climas;1
kasseri;1
zeus;1
noreste;4
independencia;12
reconocimiento;5
Ï€Î»Î·ÏƒÎ¹Î¬Î¶ÎµÎ¹;1
autonomÃ­a;1
gods;2
mÃ­cala;1
deriva;1
contaminaciÃ³n;1
mavrias;2
atenas52;1
Ï€Î±Î¹Î´Î¹ÎºÏŒÏ‚;1
extendieron;1
Î½Î·Ï€Î¹Î±Î³Ï‰Î³ÎµÎ¯Î¿;1
millones;22
panathinaikÃ³;3
grecia239;1
cincuenta;1
della;1
obtenido;1
asesinados;1
elemento;2
secos;2
vivieron;1
grecia249;1
internacionalizaciÃ³n;1
jugadores358;1
argumentos;1
fauna;2
sofocaron;1
templos267;1
democracias;1
gwiyannen;1
estallaban;1
cÃ¡tedras;1
protegidas;1
19Âº;1
twelfth;2
hygiene;1
informaciÃ³n;4
parlamento;9
grecia;266
tal;2
tan;1
centuries;2
safo;1
taylor;1
evolucionado;1
posee;2
victoriosos;1
nororiental;1
jamie;1
safe;1
incubadoras;1
afectada;2
Ï€ÏÎ¿ÏƒÏ‰ÏÎ¹Î½ÏÎ½;1
capaces;1
cae;1
greciacom;1
lingÃ¼Ã­stica;2
pÃ³ntico;3
aristÃ³teles;4
cal;1
aniversario;2
teolÃ³gicas287;1
drama;1
atenas94;1
gsrtgr;1
car;1
bamanankan;1
cat;1
artes;4
dramÃ¡tico;2
pÃ­ndaro;1
guerra;28
isbn0385513119;1
sigloxviii;2
pasok149;1
144420;1
camoflage;1
pib7;1
convertirla;1
wikidata;2
acrotiri;1
