comprendo;1
pecado;6
bastante;1
maduraban;2
déjenme;1
húmedos;1
sírvame;1
pide;1
furia;1
pico;1
rendirá;1
hablaremos;1
víspera;1
atorado;1
calabazas;1
comprende;1
ten;2
llenándote;1
maraña;1
padrecito;1
trajines;1
conseguirá;1
tallos;1
ustedes;14
abandonado;1
veladora;1
enterrar;4
1;1
vilmayo;3
abandonada;1
disminuyó;1
minas;3
8;3
traspasar;1
estiran;1
untado;2
verás;4
entregaron;1
hicieron;1
mostrar;1
viniste;3
siempre;47
ventaja;2
cocina;5
cuarraca;2
quien;24
rebotando;1
muertas;1
ventana;18
sabían;1
guardar;1
sacar;3
achicado;1
resignen;1
enteraron;1
invadidas;1
cuello;3
infinito;1
resignes;1
produjo;1
llevar;2
sabías;6
llevas;1
padre;92
pies;18
revolcarse;1
siguió;19
haberlo;1
rogó;1
córdula;1
a;838
chincual;1
matilde;1
e;1
hondos;1
víbora;1
j;1
adueñó;1
gestos;1
sombra;8
funerales;1
o;38
nulina;1
arrulla;1
pardeando;1
sale;5
recargado;1
rojo;1
sepultura;5
y;887
entendimiento;1
llenándose;1
vomitó;1
adiós;4
ofensas;1
enterarme;1
gruesas;1
guardé;1
maltratar;1
abuela;10
usamos;1
hablas;3
agarraré;1
hablar;9
acciona;1
hablan;1
guardó;1
abuelo;3
repasando;1
satisfecho;1
rodearte;1
comprender;1
comprendes;1
maldad;2
conocerte;1
confiesas;1
voltearon;1
celebrar;1
chapoteaba;1
reían;3
presté;1
invadió;1
hunde;1
prestó;1
respuesta;2
aprovechemos;1
hundo;1
nuevas;1
oírla;3
siseo;1
hacia;16
enterita;1
tuve;7
desprendía;1
tuvo;18
cáñamo;1
confesó;1
naranjos;4
trabazón;1
torció;2
caños;1
helados;1
margarita;4
regalo;2
matrimonio;1
cólera;1
arreglar;2
almas;4
muertes;2
oírlo;1
descansar;5
otate;2
comunica;1
desfigurado;1
azúcar;2
fíjate;1
sobradito;1
desdichado;1
confesé;1
lejanía;1
mandaste;1
últimas;1
disfrutéis;1
leyes;2
rezaban;1
féretro;1
extrañaba;1
ocupas;1
durmiendo;2
desfigurada;1
alumbrándose;1
lleven;1
grises;2
beber;3
cargar;1
sapo;1
escondió;1
queríamos;2
goteaba;1
contrario;4
salí;2
superstición;1
refrescaba;1
pidieron;1
empezaba;1
podamos;1
derecho;7
preocupó;1
guardaron;1
poblar;1
derecha;1
acidez;1
gatero;1
mejor;22
orden;1
rogelio;1
detallé;1
avisé;1
escoge;1
borrachera;1
detrasito;2
zumbido;2
pongo;1
confieses;1
demonio;1
tronó;1
dormida;9
agotadores;1
abanicando;1
apuraciones;2
regresaban;1
ordenó;2
casualidad;2
ponga;1
avisó;4
eternos;1
dormido;5
sangre;15
afuera;9
nuevamente;7
presto;1
haré;9
costado;1
anda;10
leyendo;1
roto;5
recogerlas;1
intereses;1
sostenido;1
hacer;33
ton;1
caminábamos;1
hacen;3
cantaran;1
ejército;1
hará;3
vería;1
fulgor;48
observando;1
haces;5
bisbiseo;1
tuyo;4
poner;5
gemir;1
querías;1
querían;3
gota;1
debía;7
ponen;2
éstos;1
cargaba;1
portales;1
haberse;2
produce;1
embustero;1
llamado;8
trote;2
tuya;3
guardarlo;1
adentro;1
huele;3
plumas;1
con;259
escoba;1
hubiéramos;1
suelo;17
quiso;9
costaba;2
poseer;1
acabarán;1
tonta;1
obligados;1
quite;3
sientas;1
quita;2
sientan;1
las;287
preocupa;2
maduro;1
mándenmelos;1
contándose;1
conocerla;1
bandada;1
lados;4
inútil;1
eras;3
eran;14
quise;8
preocupe;4
volvérá;1
llamaba;2
interesan;1
imbécil;1
conciencia;1
vueltas;3
blancos;2
costras;1
costumbre;4
vengan;3
soportarlo;2
trazas;2
derritiéndose;1
goznes;1
conocerlo;1
suspiró;2
pasando;4
justicia;1
repitiendo;2
leve;1
orilla;2
pecador;2
pecados;5
acompañar;1
venirse;1
terrenos;3
despegó;2
jugaba;3
meses;2
restregando;1
oscura;1
convertido;1
cohetones;1
zafarse;1
noria;1
remoliendo;1
vuélveme;1
doctor;4
saliva;1
haya;9
necesitara;1
tropa;1
solos;3
quehaceres;1
cuidados;1
oscuro;3
sirva;1
doce;1
siente;5
palpó;1
semanas;1
blandos;1
rezaba;1
desventurado;1
sirve;2
siento;9
carga;2
usted;126
tus;8
comprar;2
seguir;5
remolineaba;1
sienta;1
perdían;1
les;50
aparato;1
devoran;1
sientes;2
vinieron;4
válgame;1
ley;1
giran;1
piso;1
espantos;1
canelas;1
libró;1
gozo;1
envolvía;2
importante;2
diezmos;2
eres;15
sabor;5
ayudita;1
gregorianas;2
pochote;1
córranlo;1
meterlo;1
reloj;1
tampoco;1
suplicando;1
terciados;1
hilito;1
otras;7
tejados;3
dyada;5
desgastadas;1
llovido;1
encuentre;1
muecas;3
deteniendo;1
encuentro;3
comisión;1
enseñaban;1
campos;7
cosas;32
soplaban;1
colocaron;1
sienten;1
inseparables;1
aguárdenos;1
encuentra;1
dispuesta;1
espérate;1
prestar;2
yedras;1
apagara;2
encarabinados;1
veían;2
dispuesto;4
enseñó;2
arrimaron;1
abarcar;1
buscarla;1
buscarle;1
semejantes;1
miraron;1
manada;1
gastos;4
sabrás;1
manos;46
esperaban;1
ayúdenme;1
entregar;2
horcón;1
buscarlo;1
troncos;1
cortó;1
estuvieron;2
miedo;18
caras;2
irás;5
caray;1
pasajero;1
fecha;1
pedían;2
picos;1
derrite;1
paga;2
despidió;1
conque;1
encomendaste;1
merma;1
cuáles;1
mejores;3
endurecieron;1
recorrido;1
casado;2
diste;1
recargué;1
volantines;1
interceda;2
sentí;14
puerto;1
precio;2
casada;1
senté;4
principio;2
mandaban;1
refrescado;1
lienzo;3
convidados;1
lomas;3
paja;1
desearía;2
sentó;3
puerta;52
reclamo;1
servicio;1
sorbido;1
parecía;10
traiga;1
traigo;5
madruga;1
siglos;5
pedirás;1
repleto;1
alcanzado;1
obregón;1
poquitos;1
atrevía;1
contártelo;1
sabrá;2
descombrado;1
prender;2
muslos;1
necesitado;1
caritativas;1
redondos;1
añejita;1
bien;48
dolió;2
filomeno;1
quedarse;5
anegué;1
trojes;2
bermeja;1
nubes;13
pelotón;1
muriera;2
cerrara;1
quebró;1
descomponían;1
varas;1
retozando;1
estaban;20
gruesos;1
estabas;5
soplaba;1
calentando;1
retuvieron;1
platicador;1
asesinando;1
importancia;1
pongas;1
soñando;2
sigues;2
calladas;1
añadió;6
solas;2
yerbas;2
morder;1
juntaba;1
los;358
dolor;10
comenzaba;6
brincos;2
necesita;5
enseñar;1
siguen;3
arrastramos;1
dificultad;1
oscurecer;2
pilar;1
necesito;8
zangolotearan;1
toronjil;1
acarreaba;1
planchaste;1
hacerles;1
tragado;1
acusándolo;1
relámpagos;1
miel;2
campana;1
ante;3
través;6
pascual;1
otros;22
juntado;2
mantenimiento;1
atento;1
dan;4
avergonzada;1
enciende;1
dar;24
das;1
guayabas;1
convulsiones;1
comenzaremos;1
taparme;1
corre;2
inquieto;1
juguete;1
clavaba;1
sacudía;2
imaginar;2
vinieras;1
entiendes;1
cierto;11
pausa;1
hinchadas;1
inquieta;1
diciembre;1
vinieran;2
fácil;4
caporales;1
pegados;1
castilla;1
fervor;1
quedaron;2
tanteando;1
culpas;1
pistola;1
risotada;1
infinidad;2
duelo;2
galopa;1
taparon;1
aflojar;1
escoger;1
rastras;1
sonidos;3
acuerdo;8
creciendo;1
ventanilla;1
pasa;8
iría;2
ahorcaron;1
escogen;1
rebotado;1
reconocía;1
para;221
añicos;1
dora;1
duele;1
alojamiento;1
galope;2
deseos;1
cierre;1
cierra;1
necesitaba;2
demuestra;1
ansí;1
parece;19
realmente;1
vaciado;1
exprimido;1
espantar;1
anduviéramos;1
escondes;1
convirtió;2
hambre;5
lentamente;2
recorrerse;1
hundiendo;1
ladraban;1
beberé;1
dispareja;1
del;158
apagada;1
den;1
cuar;3
entendido;2
enrólate;1
luz;40
apenitas;1
des;3
acabó;2
apagado;1
papá;2
atardecía;1
metiéndose;2
náuseas;1
hable;2
orejas;3
plátanos;2
debieron;1
pata;1
hablo;3
papeles;4
cubriéndole;1
apoyó;2
cual;4
fueron;7
vidrio;1
pase;2
paso;14
encuentres;1
apartó;1
ampolle;1
habilite;1
paró;1
apagaba;1
aparté;1
retribución;1
enmedio;3
nombrarlo;1
venidera;1
desmañanada;1
sólo;48
pará;1
diciendo;10
palas;1
chacha;3
permaneció;1
sóstenes;1
habla;5
circulaba;1
soledad;1
negado;1
cuartos;1
revisar;1
secretamente;1
espirituales;1
cálmate;1
tristezas;1
tierra;60
malvado;1
besándoselas;1
despreocúpate;1
mina;1
durmió;2
gelatina;1
existes;1
retratarse;1
sirvió;1
inconscientes;1
cuca;3
emparentados;1
gemido;3
acabe;1
acabo;2
bullicio;1
campanas;5
dio;27
ellos;24
nuez;1
aliviara;1
apenas;17
estamparse;1
importaría;2
alcanzará;1
legal;1
suplica;2
mandaron;2
cuesta;4
alcanzaré;2
caminan;1
lloras;2
pasó;15
llorar;5
caminar;4
caminas;1
merece;2
conozco;4
hambres;1
embaucador;1
juntarse;1
batiendo;1
sobre;59
pasé;2
enfadado;1
tintineo;1
profundidad;1
final;2
confusión;1
sobra;3
apoyo;1
visión;2
necesitamos;6
apretaban;1
creía;3
tilcuate;6
anita;1
brotó;1
rebeldes;1
oscurecida;1
matando;1
lloviznando;1
dobló;1
consistía;1
frijoles;1
oíamos;1
desdoblada;1
dudas;2
oscurecido;1
tuvieron;1
algún;20
misa;3
enterrados;1
cesaba;1
terminamos;1
maría;3
lunas;1
cerrada;1
cuerdas;1
agüita;1
adeudo;1
una;148
bautizar;1
canses;1
nacimiento;1
lengua;5
irnos;1
maduraran;1
recostó;1
empañado;1
uno;30
grano;1
mira;10
regresará;1
mire;6
tierna;3
seguro;9
sabes;16
nacimos;1
regresaras;2
echaste;2
saber;14
guadalajara;1
mediciones;1
despacio;6
darse;3
mantecosos;1
pecadores;2
diecisiete;1
plomizo;1
tocaría;1
haber;25
descolorido;1
segura;6
loca;7
resortes;1
resurrección;1
pusieron;2
latir;1
papatrón;1
despertar;5
loco;2
cariñoso;1
terminado;3
despedirme;1
revolcaba;1
correosas;1
punto;1
ligando;1
contenta;3
despacho;2
sudor;5
ministerios;1
oficio;3
dulces;1
perder;3
contento;2
conjugado;1
nomás;14
mandarlo;1
alcancía;1
banca;1
oprimidos;1
setecientos;1
don;75
tembloroso;1
volvió;23
mantiene;1
dos;28
tibias;1
encerrarse;2
aconteciendo;1
dejando;7
fuerza;4
esas;11
encontré;6
amortigua;1
cortos;2
oreado;1
enjuagarme;1
compungida;1
punta;3
mal;21
lunes;1
espantapájaros;1
encontró;9
mar;10
miré;1
haciéndonos;1
felicidad;2
piedras;8
cometido;1
darte;1
manco;1
consagración;1
miró;12
varios;1
sudorosa;2
carretas;4
conocidas;1
acaba;5
pegue;1
lodo;2
envolvíamos;1
iguales;1
usa;1
válido;1
fuerte;4
rincón;7
impidiendo;1
sustento;1
entretenía;1
armen;1
desolado;1
gamaliel;5
uso;1
baje;2
ajeno;2
figuración;1
litros;1
baja;9
tocando;3
disponible;2
busque;3
lista;2
libro;2
cuidarles;1
enseñado;2
arrullaba;1
ideas;2
sospechando;1
agujeros;1
podadera;1
descompuso;1
picoteaban;1
agradecérselo;1
listo;1
grité;2
asechanzas;1
sorber;3
servir;2
gritó;3
necesitarás;1
crecidas;1
mandó;4
senos;4
animas;1
cupe;1
damasio;6
divirtiéndote;1
espuelas;2
rascaba;1
alboroto;3
cruzadas;1
pidiera;1
zahorinos;1
desventuradamente;1
préstamo;1
volcaba;1
bala;1
negras;1
doloritas;8
arrullar;1
podré;3
entretanto;1
encuentros;1
entablar;1
bajo;8
podrá;1
cubierta;2
aunque;42
mango;4
conseguir;3
petate;1
quedaban;3
lloraras;1
rayos;1
damiana;28
aprieta;2
saben;2
bañarme;1
llevárselas;1
almohada;4
rompiendo;2
consiente;1
despedirte;2
lola;4
entero;1
mandara;1
velando;1
cura;9
gustoso;1
rozarle;1
entera;2
tiempos;5
revolucionarios;2
saliendo;1
aceite;1
suspirar;1
hospitalidad;1
propia;2
malo;7
desilusión;1
restregada;1
labor;1
encontramos;2
perdió;3
bolsita;1
ésas;1
redonda;1
animal;3
mala;7
fregosos;2
cuñado;1
alcancé;4
tibieza;1
acuérdese;2
apagaban;1
córrete;1
propiedad;2
convencida;1
músicos;1
enseñaran;1
patas;1
moviendo;3
propio;3
mil;6
común;1
comulgado;1
mis;53
acercó;8
hombros;13
volver;8
debían;1
jugabas;1
ajustarían;1
debías;1
ruegue;1
aprendiz;1
jugaban;1
lágrimas;6
saliéndose;1
bardas;1
loma;2
percutir;1
mano;14
bajó;3
tenerlo;1
desaparecer;1
regresaba;4
sacarás;1
desaparecen;1
milpa;3
calurosa;1
ventila;1
sembrado;1
respaldo;1
pésame;1
agitando;1
todos;38
acortar;1
hallarás;1
desgracia;2
ocote;2
serán;1
místico;2
olvidar;1
arena;3
revolvía;1
cafiaspirinas;1
enterramos;1
hueco;4
galileo;1
serás;1
único;10
mamá;7
acontece;1
acaso;8
rompiera;1
devoto;1
regresado;3
54;1
avanzando;1
única;3
hacemos;1
pequeños;2
indios;6
regresemos;1
encontrarás;4
luminosidad;1
calentándome;1
oscuras;3
recobrar;1
arrodilló;2
vendajes;1
abrirían;1
flojo;1
saltar;1
andaban;2
endoso;1
hijos;2
removiendo;1
nuevos;3
también;32
montonales;1
canillas;1
feos;1
igualito;2
bañarse;1
fría;2
ilusiones;2
caminos;5
cálculo;2
frío;10
corregiríamos;1
previniendo;1
cubrió;1
interese;1
despedirse;1
espuma;4
desbarata;1
interesa;1
trajeron;3
terminaría;1
atraída;1
indina;1
susana;63
entonces;70
locos;2
llenaban;2
desmontó;1
volvamos;1
alegrará;1
quiere;20
quiero;19
enseres;2
haciendo;16
ganancia;1
traspiés;1
ofrece;6
carreteros;1
alfalfa;1
hacienda;1
quiera;7
quince;1
habrá;3
descubre;1
haremos;1
van;8
quiénes;1
podido;3
vas;15
chorrear;1
prometí;5
consejo;1
invadir;1
negros;3
mata;1
palpitar;1
alevántate;1
entraba;3
buscaban;1
transparente;2
varias;2
esos;22
derechito;1
sillas;3
parezca;1
duérmete;1
terminara;3
entrado;2
desviarse;1
quehacer;1
estremecía;1
recen;1
billar;1
vello;1
condénalo;1
pidieras;1
patio;8
recostada;2
consiguen;1
almohadas;1
gorda;1
hasta;104
recostado;1
gusto;8
distrajo;1
acostumbrado;3
hombres;24
cubrir;1
contener;1
existe;7
traslado;1
dormía;6
desapareció;1
traía;3
desvelada;1
entrada;2
distancia;1
preparado;1
acostumbrada;1
apodada;1
matara;1
aldaba;1
promesa;3
picaba;1
cántaro;4
olía;1
esto;33
ofrecí;2
seguiré;1
relumbra;1
enteré;1
eco;4
muertos;8
gusta;7
tenerte;1
tomar;2
polvo;6
morena;1
ven;8
mató;4
veo;10
ver;56
encuentran;1
provocador;2
limosna;4
ves;9
terminó;4
vez;70
destilar;2
dientes;4
sueños;11
cocorriendo;1
este;30
monedas;2
esta;12
cuidamos;1
gallinas;2
éstas;2
habló;4
apachurrado;1
preguntas;1
preguntar;2
cruzados;1
telégrafo;1
midió;1
recio;1
acerca;3
dejáramos;1
sagrario;1
luego;47
quieto;5
muchachita;2
pusiste;1
alcance;1
muy;43
prometo;1
aprender;1
asesinato;2
denme;2
quieta;2
torcer;1
disposición;2
peregrinación;1
daban;1
suaves;3
amonestaciones;1
ruegos;2
alzaba;1
coconozco;1
valencia;2
grave;1
árboles;3
conchavaba;1
mandado;2
poder;5
dolores;12
mandaríamos;1
sería;3
anidan;1
diablo;1
comía;1
regresaron;1
sucediendo;1
petróleo;2
hilvanando;1
existir;1
muchachito;1
hirviendo;2
preparen;2
obispo;2
crujir;3
lloriqueo;1
picoteando;1
despavorido;1
tranquila;5
celebrando;1
esté;2
espumosas;1
toda;8
liviano;2
posible;2
puños;1
desarmaron;1
camisón;1
tranquilo;1
colar;1
pasada;3
donis;6
perseverancio;3
permiso;2
obediencia;1
acostumbrarás;1
ardoroso;1
febrero;3
escondiera;1
vio;19
abajo;12
viste;2
mayor;6
permite;1
oyen;4
visto;9
oyes;11
toca;2
estos;7
sonreír;1
pilmama;1
cocon;3
encarrerados;1
está;77
estoy;54
llevaré;1
flaca;1
rancho;2
risas;2
contimás;1
entretuvo;1
dificultades;2
mortifique;2
vista;5
hacerme;1
antemano;1
ensangrentadas;1
zapatazos;1
envuelto;3
trasera;1
fulanos;1
batalla;1
sonrisa;2
cristóbal;2
establecerme;1
conteniendo;1
lombrices;1
envolviendo;1
sonreías;1
abrió;7
vendrías;1
pasado;19
ésos;4
nudos;1
plagados;1
aguántate;2
todo;76
oyeron;1
suspiros;2
necesites;1
simplemente;2
pisando;1
preguntaron;1
mañanas;2
ayudó;1
haría;5
díselos;1
olían;1
mostrador;3
insignificante;1
remedio;3
sentidos;1
recibes;1
manojos;1
reciben;1
ruego;1
reojo;2
jaiz;1
emparejar;1
brazo;3
ocupados;1
cazuela;1
amarillos;1
tocó;6
paraíso;2
ruega;2
estuviera;12
abandono;2
alquilados;1
golpe;3
ignorante;1
niño;10
elodia;1
donde;62
momoví;1
anoche;6
niña;1
envuelta;2
aluzada;1
hacerle;1
amansador;1
matado;8
vengarse;1
pabellones;1
hacerlo;5
significa;1
ayudarle;1
perdonara;1
interrumpió;1
enmohecidos;1
abril;1
pasaba;2
bordón;1
rico;1
malparieron;1
hazles;1
abrir;1
voz;31
mañas;1
voy;31
cosecha;1
fijara;1
éste;13
váyase;3
fugaces;2
ofender;1
huevos;2
ésta;6
ruedas;3
atrinchilé;1
levantaban;1
colima;2
detuviera;2
despiértate;1
repasó;3
vendrá;3
turno;2
agachó;2
lanzó;1
demás;13
pagar;4
envolverse;1
cortejo;1
pagan;2
cerraron;1
río;6
brinqué;2
ojeada;1
aventar;1
cocosa;1
correcaminos;1
agua;30
anunciarle;1
puestos;1
vacías;6
retorcida;1
maldiciendo;1
estáte;1
enterrada;1
turicatas;1
desparramaron;1
arrastran;1
ceja;2
aguantando;3
mojados;2
fungir;1
vendiste;1
adónde;8
trescientos;3
sirvientas;1
anden;1
cuerpo;33
cueros;2
cuanto;14
era;86
arriesgando;1
resbalaban;1
échamela;1
humedad;4
quieres;13
penando;2
abren;1
centenares;1
piénsalo;1
cocuyos;1
quieren;3
tome;2
helechos;1
visitar;1
estará;4
esa;35
detener;2
lograron;1
alejándote;1
ese;41
estaré;2
intenté;1
noche;75
aquellos;10
eso;126
referente;1
intenso;2
señor;35
esconderse;2
abrieron;2
pararía;1
perdona;1
lejos;14
llenando;1
florencio;5
contarme;1
perdone;2
curiosidad;1
piafar;1
desmoronando;1
vertederos;1
puras;1
perdono;1
comportas;1
entrará;1
puntitas;1
cuervos;1
conmovimos;1
apeó;2
líbranos;1
ventanas;2
sombrero;3
ocupado;2
línea;1
marchitas;2
acordaba;5
cena;1
urgencia;1
año;5
persignó;1
metros;1
cortinas;1
andar;6
aldrete;10
andas;4
ponernos;1
estábamos;4
molestaran;1
media;40
forma;3
andan;4
quería;11
fosforescente;1
crecen;1
alumbrarlo;1
descansaban;1
tomó;4
mencionaste;1
bañar;1
mancomunados;1
disimulo;1
medir;1
pesos;6
caía;3
medio;9
crecer;3
osorio;3
bultos;1
harán;2
dureza;1
carcajada;1
toribio;5
polilla;1
abriste;1
sucederse;1
brava;1
intento;2
aclarar;1
harás;1
necesitar;1
necesitas;3
estar;22
poquito;3
necesitan;1
calles;6
ayuda;2
lugarcito;1
navegando;1
volví;8
estas;8
terreno;1
crío;1
adivinó;2
abarcarlo;1
empobrecido;1
moverme;1
tocaban;2
gallo;1
cabello;1
grandes;2
volvimos;2
amoroso;1
sube;2
empañaban;1
abraza;1
cuero;1
chapotié;1
regresé;1
transparentaba;1
rabia;1
desprendido;1
oyéramos;1
cruza;1
regresó;6
humildad;1
rumbo;4
hubo;9
catálogo;1
dijera;3
vientos;3
derramado;1
aprecio;2
echa;2
sintiera;1
terció;1
derramada;1
protectora;1
cera;1
estorba;1
andemos;1
barda;1
espero;1
canícula;3
roncando;2
ocasiones;2
pedrito;1
iluminándola;1
miguel;25
silla;1
presencia;1
espesa;2
darles;1
rentería;24
cualquiera;3
cásenos;1
rejuveneciendo;1
insoportables;1
enchina;1
disolvieron;1
murmullo;7
platicaban;2
entiende;5
excusado;3
endurecidos;1
mueves;1
gran;1
platica;1
díceres;1
espera;6
mereces;1
cambiado;1
holanes;1
invitación;1
dando;9
juntos;3
renegar;1
lleva;6
espere;2
adonde;5
manchas;1
llevo;2
cabeza;31
charcos;1
despegaba;1
entiendo;9
sábanas;9
convencerme;1
abandonadas;1
vientre;5
adivino;1
echó;6
reblandece;1
rodillas;3
dirían;1
lluvias;1
nunilona;1
vejiga;1
amarillo;2
regresa;2
imagino;2
tendremos;2
veinte;5
hablaría;1
regrese;3
mortandad;1
retoños;1
convencerla;1
regreso;4
metió;1
mándalo;1
reír;2
corriendo;4
estrellas;8
seguían;4
llovizna;1
reía;2
pagaremos;2
mediante;1
conocíamos;1
entorpecida;1
avisado;1
botella;1
gentío;1
sobándola;1
difuntita;2
color;3
pasara;1
llevó;3
umbral;2
daría;1
apto;1
contestaba;1
inculpaciones;1
ayer;7
perdición;1
azorados;1
moverse;3
temblar;1
enchinó;1
necesarias;1
imágenes;1
nos;75
retorcer;1
aún;9
borrachos;3
terencio;2
semillas;1
desorienté;1
aprovecharé;1
quieras;5
levante;1
hágalo;1
astillados;1
amarilla;3
hablando;3
claridad;1
azorado;1
bueyes;1
risa;7
cebuses;1
resultar;1
moño;1
dorado;1
cobijaba;1
volar;1
escalofríos;1
buche;1
vendría;4
venían;3
querubines;1
acurrucada;1
relumbraron;1
llenarlos;1
paseándolo;1
quítaselo;1
decide;1
languidecer;1
despedido;1
desdobladas;1
vender;1
protección;1
aguardó;1
temblor;4
terminar;2
orines;1
instrumento;1
platicó;1
música;2
récele;1
plas;3
hartos;1
chorros;3
plan;2
variando;1
largado;1
jugando;3
habría;3
rebulle;1
serviría;2
vuelve;3
aquellas;6
naciendo;1
ardía;1
vean;3
ecos;3
vuelva;1
recorriendo;2
poniéndole;1
éramos;4
echaban;1
metro;1
ceniza;1
acercarse;1
culebras;1
vuelo;3
espigas;2
chocolate;4
suma;1
estiró;2
atrasado;1
mediotecho;1
avisara;1
descánselo;1
retoñan;2
tercios;1
acordara;1
desvelo;1
web;2
casildo;2
levanté;4
infortunados;1
vuelto;4
doscientos;1
humo;4
guardadas;1
calentura;1
anudan;1
cuando;110
gris;7
amarras;1
mujeres;17
vuelta;10
conoce;4
escondiéndose;1
puestas;1
estado;14
moños;1
chorreaba;1
sollozos;1
parecieron;2
dice;19
párpados;2
roció;1
apagaron;1
rumor;7
vírgenes;1
feo;1
pesar;5
tardaría;1
frotaba;1
ninguno;4
jarro;1
causarle;1
serenatas;1
aguarde;1
espantando;1
humildes;2
sacerdotes;1
darás;1
olvidara;1
acuso;2
rurrumbo;1
desarmes;1
darán;1
tortilla;2
levantó;8
aprecié;1
asomándose;2
tratado;2
suicidó;1
semidormida;1
segundos;1
llevaba;4
añadí;1
comenzaron;3
juntar;1
juntas;2
ocúpenlos;1
musgo;1
esperó;4
trabajándola;1
cansancio;2
hombre;32
ladrillos;2
flaco;1
sonar;2
además;10
acordará;1
señal;4
diciéndole;4
wie;1
surcos;5
ramito;1
diez;4
adoloridos;2
fuerzas;3
supo;2
blanqueando;1
miguelito;5
grietas;1
hombro;2
desprendieran;1
supe;15
brillan;1
cómprame;1
conociste;1
emborrachando;1
vacas;1
gatos;2
trataba;3
bocanadas;1
conocí;2
pieza;1
llevado;3
diciéndome;1
loterías;1
ninguna;9
muchachos;4
dónde;30
remate;1
fulano;2
velorio;3
esperé;4
manzanillas;2
conveniente;1
volverla;1
estaba;85
reflejan;1
oiga;1
sitio;1
digo;13
culpa;6
ilusión;4
fin;12
yemas;1
llevando;2
bonitas;1
dicen;18
ofenderlos;1
gente;40
límites;1
rompan;1
volviendo;2
exijo;1
dices;14
aquel;24
inhumano;1
ah;5
cayendo;5
seriamente;1
al;159
tienden;1
borneada;1
revoloteaban;1
diga;6
sacudiéndole;1
gritas;1
zumbaran;1
ay;1
gritan;1
brincando;1
enderezó;4
haciéndose;1
gritar;1
lejano;4
disparar;1
humedecida;2
rizos;1
posibilidades;1
cruzaban;2
escupitajos;1
alejando;1
habías;3
creyera;1
voces;12
hubieran;6
alquilar;1
anterior;2
habían;20
paraguas;1
vela;5
hubieras;2
volviera;1
muchachas;4
anercio;1
entregándome;1
llega;2
hermosa;2
enflaquecieron;1
puñado;1
muchas;8
acabaron;1
gotas;9
magueyes;1
ánima;1
ánimo;3
interpusiera;1
adobe;1
payasa;1
aflojarse;1
amparar;1
ella;107
actos;1
clavo;1
llegaría;1
oigo;6
esperaba;9
recién;5
retrato;2
sepárense;1
da;13
siendo;6
despertando;2
descansado;1
mercar;1
quítales;1
presentó;1
tomará;1
tieso;1
enorme;2
caporala;1
debatiéndose;1
congeniar;1
de;1348
parejo;3
nuestro;9
di;10
sujeto;1
nonoche;1
incorporada;1
corriente;1
corredor;1
lleguemos;1
salió;9
tierrita;1
metida;2
recompensa;1
encontrar;7
dile;13
perdonarte;1
charco;1
permitir;1
nuestra;8
suspiraba;2
ensangrentado;1
favores;1
raro;2
tejas;3
cáscara;2
metido;2
providencia;4
júzgate;1
dámelo;1
dijo;93
el;759
avisas;1
sueltas;2
en;528
seguí;5
trance;1
rara;1
nariz;3
sentía;15
sueltan;1
es;202
dije;29
ordeñar;1
susanita;3
tendrán;1
conmigo;22
feliz;2
algunos;6
tendrás;3
ey;3
mangas;1
niños;5
cintarazos;1
acostaba;1
fe;3
perdí;3
ahogaba;1
murió;30
atravesar;1
muchacho;9
conchavarle;1
intervenga;2
detenerse;2
llegando;5
pensar;15
voltié;2
revolución;2
suyo;4
clase;1
tiene;20
defenderse;2
muchacha;3
esposa;1
suya;2
rato;23
cenar;2
carta;1
gustaba;1
clara;1
abrumado;1
resultado;2
gato;5
novenario;2
presente;4
claro;8
sucios;1
pensaba;8
dime;3
arrastrando;3
desmenuzada;1
restos;1
arriando;1
desnudó;1
ha;68
volverte;1
acomidas;1
he;35
raso;1
vente;4
acercaban;1
dé;5
dios;38
completo;1
abogando;1
divina;2
abandonaban;1
difíciles;1
viviente;3
repetir;2
devolvían;1
recorrer;2
mediodía;4
corrió;4
dormitorio;1
amanecía;1
delgado;4
alzados;1
pausado;1
portal;4
callados;2
dolido;1
entré;2
in;1
decía;23
opacos;1
ir;22
carne;8
esconde;2
entró;13
viejos;5
prevenido;1
llegó;14
traerá;1
rebulléndose;1
antenoche;1
apalabraba;1
lleno;15
mírala;1
apretadas;1
pues;34
algunas;3
daba;14
domicilio;1
míralo;2
cecina;1
separaba;1
vete;11
llanuras;1
saltaban;1
respirar;2
antes;31
consecuencias;1
agarrar;1
desvelarse;1
disculparse;1
tamaño;1
volando;1
pudo;6
enojes;1
alejó;1
amoratada;1
estuvieran;3
conservé;1
desapareciste;1
pude;4
acomidió;1
la;1000
afirma;1
sentirás;3
fue;82
vuelca;1
le;314
reduzco;1
fui;9
repasado;1
llena;9
pasadero;1
gritos;11
lo;415
alego;1
quemar;1
oíste;2
oscurece;1
baldía;1
aclararé;1
esperamos;1
dada;1
me;397
entra;1
rociara;1
romper;2
calcular;1
mi;125
entre;46
necesidad;1
gertrudis;1
reventaron;1
meter;1
verá;3
meten;1
sedano;11
dejándole;1
genio;3
vuelan;1
odiaba;1
viviremos;2
rayo;1
contestaron;1
ni;80
despiadado;1
somos;3
no;655
juzgue;1
hiciste;3
desgraciadamente;1
montes;1
oreja;2
impresión;2
sean;1
muriendo;1
ándale;1
hermanos;1
tendieron;1
nombre;8
llenó;3
aporreando;2
eduviges;14
manojo;1
estropearle;1
diré;9
atravesado;1
ensopado;1
dales;1
prendidas;1
atrevido;1
mujer;62
oh;4
codo;1
pudiera;2
olvídate;1
dirá;2
consejos;1
girar;1
subía;2
saltó;1
yedra;1
criatura;3
descansa;2
dado;13
cruzar;2
llévatelos;1
penitencia;1
pa;4
apellidaba;1
ojo;3
descanse;3
levantara;2
amén;5
sufre;1
escándalo;1
propósito;1
desfilar;1
escondida;2
soltaba;2
seca;2
entilichada;1
prestado;1
iglesia;16
soltó;4
llamarada;1
verdaderamente;1
discúlpalo;1
rojos;1
seco;2
equipal;5
gracia;6
trozado;1
recorrió;2
correo;1
darían;1
venga;5
correr;3
purgatorio;2
rebotes;1
corres;1
tantees;1
mí;59
rodando;1
acababan;1
atendiendo;1
soltaban;1
usté;6
quinientos;1
poderosos;1
pesado;2
muchos;15
desmenuzadas;1
pidió;2
seas;1
escondido;1
levantaron;2
interés;2
apuesto;2
bocacalle;1
pesebre;2
apague;3
oirá;1
angustia;1
trozo;1
bailón;1
perforada;1
malogró;1
quedan;1
vendí;2
pisadas;3
merecido;1
quedar;2
obtuvo;1
jamás;6
disimulada;1
se;651
duerme;3
estarle;1
si;208
ponle;1
urgentes;1
cumple;1
oí;15
quererla;2
sobran;1
pesaba;1
su;243
oreó;1
esperara;2
avísame;1
vengo;9
apareció;4
cuidar;2
te;196
pierde;1
recuerdos;5
retorno;1
ocurra;2
ti;26
avisos;1
aluzando;1
ocurre;2
chona;3
seda;1
maullando;1
tu;71
armario;1
llanto;5
lugar;20
pañuelo;2
sufrir;1
alarido;1
retazos;2
aquella;35
puesto;3
guzmanes;1
uh;1
caminando;4
un;247
acusación;2
consecuente;2
reunida;1
aquello;18
sacristía;2
cojo;1
intermitente;1
levantarse;4
enderezarme;1
sollozando;1
sembrar;1
hisopo;1
desventura;1
va;39
despedazado;2
ve;27
tardas;1
despedazada;2
vi;16
espasmos;1
envenenado;1
llenaba;2
echemos;1
consideran;1
años;19
desolados;1
trabajando;3
créame;1
últimos;1
venas;2
gerardo;9
pura;3
tenido;12
condenaron;1
vivía;5
enfrente;6
diles;3
totomaron;1
arrastrar;2
quisiera;6
robar;1
impedían;1
cola;1
caber;1
tuyas;1
sé;42
madres;2
fiebre;1
hervores;1
sí;71
fiesta;5
doblaba;1
sonoridad;1
conocía;4
ora;1
desensillado;1
hechas;1
jazmines;1
vibrar;1
nonombran;1
quitó;1
rizar;1
bienes;3
oro;2
enderezaron;1
cascadas;1
enmarañados;1
nublazón;1
olvidarse;1
provisionalmente;1
violentos;1
collón;1
sueltos;2
dame;2
acostumbré;1
sesenta;1
hondo;1
retornó;1
cacalda;1
claras;2
faltará;3
echaran;1
salir;16
tú;87
ya;186
esperando;12
hostia;1
justo;1
puso;10
rechinó;1
yo;154
viviendo;2
quebrarle;1
rastro;2
tilcuatazos;1
atrás;10
breñas;1
entretenías;1
como;216
laurel;1
bozal;1
frente;11
puse;3
levantada;1
desgranar;2
removerse;1
raros;1
puro;9
rumores;4
quejando;1
norte;2
izquierda;1
encogido;1
arregla;2
quizá;18
hilos;2
busca;4
entriego;1
arregle;1
abrieran;1
metieron;1
invadido;1
tanto;19
parecido;2
apellido;1
terrenal;2
rezando;5
levantado;3
apures;1
entendía;1
tanta;2
garganta;1
ponte;1
chaparreras;1
puntitos;2
revuelca;1
merezcas;1
costó;2
relegados;1
tenía;36
agregó;2
aquí;114
preciso;1
curioso;1
casas;4
método;1
enderecé;1
rulfo;1
oportunidad;2
copa;1
tentaleando;1
llenándomelas;1
apagó;2
maniobraba;1
aclaraba;1
viaje;1
intervine;1
quererse;1
oración;1
acostada;4
date;2
brillo;1
rechina;1
disimúlalo;1
auxilios;1
sales;1
sepan;1
asperjados;1
perdonarla;1
remiendo;1
cosa;25
sepas;1
cobro;1
rebullir;1
corral;1
apriétenle;1
viejas;4
circo;2
aclarado;1
venir;11
seno;1
siguieron;8
alcanzarte;1
bondad;2
masticar;1
paréntesis;1
soltado;2
dicho;20
apretados;2
estornudos;1
oye;13
salga;1
brisa;4
confirmaciones;1
habíamos;3
entendí;1
dará;3
regada;1
salgo;1
atraviesa;1
sinceramente;1
salida;2
prefiero;1
salido;5
guías;1
borbotaba;1
agrandaron;1
venme;1
daré;1
pueblo;37
nota;1
ahogan;1
atinaba;1
sexto;1
apaga;1
levantaba;3
pretexto;1
considero;1
recorridas;1
perdóname;1
aumentaba;1
bienvenido;1
heló;1
sepa;1
asustado;5
desiguales;1
desenterradas;1
arrayán;1
mudo;1
esculcó;1
purificación;1
voladoras;1
libranzas;1
bajado;1
dijiste;7
despaciosas;1
remota;1
juicio;3
procurando;1
débil;4
confundidos;2
buen;10
basta;1
gusano;2
menos;27
reconoce;1
suelto;3
largos;1
quedando;2
encontraba;2
pedir;4
deseaba;1
inquirir;1
encendida;1
almuerzo;1
abierta;6
indiferentes;1
pedirte;1
junto;24
palpitaciones;2
fuéramos;1
surco;3
abierto;9
querida;2
asiste;1
santiamén;1
encontrado;1
quién;47
asista;1
noté;3
bebía;1
sonrió;4
frías;2
cruzara;1
querido;5
oyó;24
hablará;1
durar;2
duras;1
entumido;1
luminosos;1
encerrados;1
farfullando;1
salvación;4
íbamos;3
capitana;1
levantes;1
digamos;4
mártir;1
suelta;2
rápido;1
temor;2
desprendió;1
discute;1
contestó;9
bajada;1
tarda;3
picarle;1
ronda;1
rebote;1
aire;37
tarde;15
regiones;1
contesté;2
arrellanó;1
carrera;4
formando;1
estarían;1
sopla;1
entreverar;1
sesos;1
melquiades;1
deteniéndose;1
atender;1
agarró;5
poleas;1
tía;1
comulgar;1
villalpando;3
heridos;1
atravesando;1
queda;9
reconocí;3
hiciera;2
forzaran;1
tío;9
borrosa;4
imposible;3
pan;4
servido;2
compensación;1
soplo;2
par;3
afuerita;1
canciones;2
desanudando;1
exígele;1
paz;12
columpio;1
caída;2
pueblos;5
rebozo;4
cuídalos;1
notó;1
será;13
buenas;6
bajaba;4
caído;1
refugiarse;1
azul;8
carreta;1
chile;1
santos;7
tenemos;3
sonreí;2
despedir;1
hablara;1
encomiéndelo;1
ojos;58
avenga;1
felícitas;1
imitara;1
juntó;1
borraría;1
multitud;1
torva;1
pedirme;4
sempiternamente;1
debió;2
calavera;3
devolvió;2
buscándolo;1
diferencia;2
colorada;1
levantar;4
chicoteó;1
lárgate;1
visiones;1
alcanzarás;1
leño;1
levantas;1
impedimiento;1
mente;1
apártense;1
andaba;2
sacudiendo;1
menta;2
colorado;2
curarme;1
quedaría;1
novia;2
limpiara;1
lado;13
permitido;1
china;1
acomodaste;1
limpiar;2
desdibujando;1
hacía;18
limpias;2
novio;1
cabezazos;1
imaginaba;3
bebés;1
quietud;2
familia;5
sopor;1
empezaremos;1
conformó;2
supiste;1
derrumba;1
fuego;1
extendidos;1
suspenden;1
compañía;4
aúllen;1
cuantas;3
caían;2
convertía;3
faltado;1
niegas;2
veamos;1
enhilada;1
público;2
robarle;1
cartas;2
visitarlo;1
maldición;1
ascendía;1
razón;7
restriega;1
brincándole;1
encargado;2
abogados;1
perjuicio;1
solitarias;1
casándose;1
forzarlo;1
durmiera;2
cruzaré;1
últimamente;1
instrucciones;1
regresarías;1
volverá;2
conocería;1
volveré;1
robarme;2
prometerlo;1
temblaba;1
lleguen;1
intentado;2
violada;1
durmieran;1
causó;2
sacrificio;1
parecer;3
habérmelo;2
andurriales;1
deshecha;2
tardará;2
encaminaré;1
rezan;1
compadre;1
comunión;3
acerqué;1
licenciado;2
rezar;4
rebelado;1
palabra;4
gemía;2
perseguía;1
guardando;1
coyuntura;2
mínimo;1
calmarle;1
revuelto;1
calentaban;1
virgen;3
pedí;3
deseo;3
pie;4
tarea;2
revuelta;2
proposiciones;1
reviví;1
agradecerle;1
arrepentimiento;1
acabará;1
vieran;1
lloraba;1
tronar;1
desde;31
miedos;1
nosotras;1
sueño;24
aguaceros;1
llegues;1
pasaron;3
páramo;92
caminado;1
pidiendo;1
sudada;1
primero;9
causa;6
entrar;2
olvidé;1
verde;5
podría;6
nixtenco;1
crujidos;1
olvidó;2
lejanas;1
rodeado;1
vimos;1
reforzar;1
asomar;2
primera;8
sobrará;1
agradezco;4
pedro;124
queja;6
perdida;2
extra;1
lana;2
déjanos;4
traído;5
ayudarlos;1
deber;1
debes;4
caminaba;2
remojada;1
dejaste;1
serenara;1
recuerda;2
tardó;1
perdido;7
voluntad;4
quítale;1
encaminara;1
pataleo;1
únicos;1
quedé;5
cállate;1
viernes;1
ruinas;2
mazorcas;1
asustes;2
cosechas;2
recuerdo;9
gritaron;1
desesperación;1
ponía;1
quedó;8
reflejando;1
llevándome;1
chiquillas;1
sacude;1
arriero;5
estimación;1
pelo;1
pegó;1
indudablemente;1
asunto;7
vagabundear;1
sucedido;3
dañoso;1
componer;1
apoyando;1
duros;2
zopilote;2
tomando;1
brincara;1
agradecidos;1
requerir;1
bajará;1
despierten;1
bueno;16
despiertes;1
seguía;8
avisarle;2
alegró;1
haciéndolas;1
vamos;9
bebieron;1
bajaré;1
rumoroso;1
ganando;1
manera;4
escaso;1
becerro;4
taladraban;1
horneado;1
equivoco;1
ocurrido;1
buena;5
abullonada;1
horizonte;3
olvide;7
incapaz;1
veinticuatro;1
retener;1
tierras;8
viniendo;2
olvido;1
sentaré;1
teníamos;3
regueros;1
adelantó;1
siquiera;9
pon;1
por;350
dintel;2
alquilado;1
pos;7
quietas;1
escondidas;2
tomado;1
pareció;8
pena;9
bonitos;1
envueltos;1
seguridad;4
tronco;1
maceta;1
semana;2
acordé;1
vestido;2
reconoció;3
hondura;1
teniendo;1
solitario;2
mencionarle;1
batir;1
gruñen;1
desbandaron;1
bochornos;1
espanto;1
raspaba;1
consentido;1
quemaré;1
falda;1
tarima;1
mentiras;1
juan;34
aguantar;1
aguantas;1
lío;1
buscando;8
fríos;3
pegada;1
consistiera;1
han;26
faltaba;4
late;1
zapatos;1
soltar;3
negué;1
has;16
hilera;2
arréate;1
nacido;5
atrevió;1
haz;6
alegando;1
hay;39
dominado;1
dudarlo;1
ramas;7
enmudeció;2
preocupen;1
eterna;1
mismos;1
alegre;2
despiertan;1
acarrear;1
cuatro;3
peor;3
deshaciéndose;1
hormigueó;1
viuda;3
labios;11
coyunda;1
periódico;2
perderse;1
agregados;1
equivocó;1
amaneciera;2
ciudad;1
ajuares;2
cruzaba;1
cordón;1
comerán;1
descargado;1
llevándose;1
pusiera;1
sobrina;3
apretó;1
doroteo;2
reparos;1
pero;183
comienzan;2
adelanto;1
enjuagar;1
secreto;2
adelante;3
llovían;1
hicimos;2
barrigón;1
cubriendo;1
fuiste;4
crimen;1
dorotea;17
secreta;1
preocupes;2
confirmar;1
pobreza;1
extrañan;1
medida;1
responderles;1
maromas;1
esperanza;5
cervezas;1
repique;5
encontrara;2
sacudirla;1
huella;1
apreté;1
resignación;1
siguiera;3
chicote;3
pendientes;1
embargo;6
calculado;1
quejaba;1
volteando;1
sonaba;1
descuidadas;1
sobrada;1
dieran;1
tras;8
acusarse;1
acordaría;1
ahorita;4
apoyada;1
arriesgue;1
abriéndole;1
trai;1
apurada;1
trae;3
solicitas;1
tiembla;3
ondas;1
listas;1
marido;7
nosotros;22
bandidos;1
peso;5
dueño;2
arrepentirse;1
vibración;1
aventó;1
hayan;1
darnos;2
admitir;1
cercar;2
miran;1
dueña;1
llévate;1
hayas;1
derrotado;1
mirar;3
pedirle;2
deshaciéndonos;1
remotos;1
nadar;1
mordía;3
obras;2
enamorado;1
rezongando;1
encontrabas;1
hundido;1
moradas;1
cintura;2
servirlos;1
duermen;2
quejido;2
arrepentí;1
tiro;1
desnuda;2
duermes;1
comala;27
esperar;7
esperas;4
miren;1
sacudió;3
encierro;1
cuentan;1
golpear;1
cuentas;1
hecho;18
retorcerse;1
mirando;11
escondía;1
cauces;1
prendía;1
apuro;1
gimió;2
reconocen;1
barrer;1
piedad;1
ocasión;1
protegerla;1
esperan;2
juez;1
pasaban;2
cálculos;1
doña;22
reconoces;1
desnudo;4
reconocer;2
aproveche;1
convencer;1
moscas;1
confesionario;3
lástima;4
escapamos;1
quijada;1
impura;1
perros;3
confortarte;1
paño;1
pleitos;2
querencia;1
enramada;1
paciencia;2
cobijas;3
asustando;1
rialada;1
invocando;1
rechazó;1
repares;1
interminables;2
rodeando;1
importa;5
espinazo;1
ofrezca;3
hecha;3
pedido;3
molote;1
tres;8
descalzos;2
juegan;1
sixtina;1
sabido;2
flores;5
crezca;2
bolas;1
alzar;2
revivir;1
frazada;1
chapucero;1
padrenuestro;2
campo;4
decirte;2
rodeara;1
cuál;7
traslucía;2
croar;1
gorriones;3
arrodillaste;1
tiró;1
devolver;1
unida;1
prendida;1
reservado;2
general;2
nadie;47
maletas;2
ganar;1
limones;2
picaron;1
mencionar;1
ganas;9
duraznos;1
nostalgia;1
ociosos;1
agujero;5
huérfana;1
obró;1
pedida;1
colección;1
investigado;1
toros;2
escudriñaran;1
rechazar;1
fuera;31
alodia;1
corretear;1
costal;1
échate;1
perderme;1
sujetos;1
apretado;1
soga;1
golpes;4
apestara;1
opina;1
anegado;1
olvidado;4
cegatona;1
escogieron;1
marca;1
acabar;2
mantener;1
recomendó;2
mientras;21
aseguró;1
fiar;1
sentado;7
anegada;1
responsabilidad;1
llover;4
difunto;2
espumosa;1
encariñado;1
sacarla;1
confesión;5
acostó;2
susurros;1
disuadirlo;1
sacarle;1
provecho;1
míos;1
mucho;38
bulla;1
difunta;2
escasos;2
empreste;1
bajaría;1
deshabitada;1
calma;2
tocaron;1
podía;8
perdieron;1
mordieran;1
comer;9
arrastrada;2
quitarse;3
sentirá;1
dejar;7
amigas;1
dejas;2
estuvo;14
riñones;1
perseguían;1
parpadeante;1
maldijo;3
hoja;1
interior;1
después;67
hoy;10
hundiera;1
marea;2
encontrarle;1
apretaba;1
dejemos;1
torcerá;1
negativamente;1
encontrarlo;1
arrastrado;2
atardecer;3
compramos;1
nunca;35
tablones;2
gritaba;1
arrayanes;2
calla;1
holgadamente;1
negrura;1
calle;13
arrugas;1
marco;1
pendiente;1
avecindado;1
cochino;1
vapores;1
trapo;4
santuario;1
día;36
estuve;6
anegándose;1
toqué;1
pagué;1
caldeaba;1
nació;2
apuntaba;1
domingo;1
aullido;2
traje;2
filtrándose;1
diablos;2
colgaba;2
molestia;1
detuvo;7
creerlo;1
atole;1
cuidaras;1
detuve;2
nanada;1
gañán;1
valiéndose;1
trabajadas;1
aparejadas;1
oídos;3
llorando;1
mareo;1
creer;6
puedes;8
crees;10
absolución;2
nosantoja;1
tratos;1
pueden;3
diluviando;1
pronosticó;1
llamas;1
altura;3
llamar;3
había;119
humillarse;1
inés;5
gritado;2
trajo;4
enderezaba;1
dejarle;1
roncaran;1
mulas;2
colgada;1
dominio;2
rarezas;1
trabajos;1
temprana;1
pecho;4
santa;1
retemuchas;1
culatazos;2
estremeció;1
mojada;2
juega;2
tragó;1
borbotaban;2
más;132
galápago;1
sola;11
entrego;2
tienes;15
despierto;1
respecta;1
solo;14
mojado;2
nueva;4
bajar;2
tienen;5
juego;2
puercos;1
toque;1
despierta;2
encontraron;3
comencé;3
triste;4
nuevo;6
matarme;2
árbol;2
duermas;1
sucedió;5
bestia;1
despierte;1
creando;1
arrasó;1
cobijo;1
quitarme;2
siete;1
intenciones;6
salvedad;1
pasaste;1
enferma;5
irse;4
valiente;1
encontrarse;1
cobija;2
mañana;37
sayula;5
división;1
dejaron;2
fija;1
abiertas;1
cálmese;1
paredes;8
trasijaderas;1
creas;1
mermado;1
puedas;1
catre;3
trasponer;1
mataron;5
cansadas;1
tienda;2
colorados;1
asuntos;3
alrededor;3
cercana;1
bostezara;1
urgidos;1
cocórrale;1
enfermo;1
libras;1
romero;4
entreabierta;1
hora;18
dirán;1
reparte;1
tuviera;5
descarapeladas;1
amanece;2
gloria;2
gaviotas;1
azules;1
dirás;2
plantas;1
tartamudo;2
gratuito;1
jesús;1
caridad;3
creen;1
calabaza;1
relucir;1
apango;2
madrugar;1
valiosa;1
acuérdate;6
pensando;7
prisa;10
sabía;8
irte;2
movimientos;1
corredores;2
mirada;10
trató;4
precipitó;1
desteñida;1
cedazo;1
oímos;1
irregulares;1
juró;1
lumbre;6
aguamarina;1
delante;2
negra;4
emborrachó;1
ricos;1
alcancen;1
mirones;1
cerrados;4
basuras;1
piensan;1
blando;1
brasas;3
acorralándonos;1
vaqueros;1
exprimir;1
costillas;2
sentirlos;1
bamboleando;1
sufrido;2
estampando;1
estrella;4
servía;1
desportilladas;1
filo;2
salieron;4
morados;1
micaela;1
cruzó;3
miraba;3
empujó;1
borbotar;1
repetidos;1
falsete;1
asperjada;1
rompe;1
revenidos;1
abrirse;4
evitar;1
acercaba;1
rosarios;1
oirás;1
trata;4
nuestros;6
trato;3
dieron;3
dándole;3
retrocedido;1
acedo;1
rondín;1
palomas;2
mandaría;1
supieron;1
conseguía;1
mesa;3
acosté;2
realidad;1
pabilo;1
figúrese;1
cuidarla;1
amaneciendo;1
sufrida;1
debería;1
salvara;1
mero;4
madrugadas;1
atención;2
ocho;3
soplando;2
piensas;1
alumbró;2
descorrida;1
hielo;2
blanda;1
negro;6
cárcel;1
maíz;10
móndrigos;1
mera;1
espinas;1
blanco;2
octubre;1
cumplirla;1
volvía;4
repegarse;1
difusa;1
villa;6
rozando;2
época;3
cargaran;1
luzca;1
saldrían;1
techo;7
morir;12
existiera;1
cansaba;1
encampanarse;1
acercado;1
sudara;1
movían;2
sentido;5
estagua;2
trabajar;3
tengan;2
tengas;2
minero;2
hidrante;2
impulso;1
disgusto;1
rejodida;1
remuerde;1
ruda;1
mitote;2
bajamos;1
abre;1
preguntaban;2
déjemelo;1
vereda;2
mía;8
rodar;1
azaleas;1
prueba;1
babea;1
mío;3
salvado;1
acostarse;3
logre;1
podrás;3
expresión;1
mumultitud;1
creyó;1
andará;1
llegue;1
regresen;1
supuso;1
cualquier;7
iba;30
salitre;1
desfloraba;1
ubillado;1
propongas;1
sostenía;1
remordimientos;1
largamente;1
racha;1
mortificándola;1
cobijándose;1
agarrarlas;1
secretas;1
acostarlo;1
hermana;9
transparentándose;1
toques;1
repite;1
recogió;2
cuchillo;1
sombras;8
hervor;1
agotar;1
molcates;1
tablas;3
poco;23
venimos;2
incapacitada;1
balazos;1
tardado;2
agria;1
resolvió;1
maldita;1
uvas;2
apretarlas;1
vaciando;1
hagas;4
perdonado;1
movieron;1
reconociera;2
papasó;1
poca;1
lamento;1
comido;1
dándose;1
hermano;4
abrí;3
conforme;5
cliente;1
ido;11
maldito;4
destrababa;1
corazón;19
ratos;1
padrino;1
que;1339
desgajarse;1
preciado;7
pegajosa;1
diyitas;1
ciertas;1
rodeo;2
comentó;1
husmeaban;1
puertas;6
señaló;2
correoso;1
acompañado;1
otro;42
brevemente;1
perdía;2
mandadero;2
rodea;1
llegué;7
detrás;14
hagan;2
parpadeo;1
logré;1
otra;45
deshace;2
dentro;16
cuantos;3
invitó;1
patrón;24
irregularidades;1
grande;16
tardaba;1
probaré;1
bestias;1
paladar;1
oídas;1
aborrezca;1
consigo;3
repisa;2
valle;4
inmensidad;1
refugio;6
olas;2
invité;1
preocupado;2
pulsear;1
segunda;1
ángeles;4
pagarme;1
traer;2
jefe;3
patrona;1
antigua;1
contla;12
antiguo;1
traen;1
indagando;1
podrido;2
diera;1
lejanos;1
pálida;2
disculpas;2
explotando;1
logró;1
chisporroteaba;2
corrales;1
cuerpos;1
neblina;2
kilos;1
fulanita;1
ágil;1
bulto;1
protegiendo;1
gorgojo;1
enfila;1
iban;6
temprano;5
ibas;2
consiguiera;1
decilitros;1
reclinatorio;1
reflejo;1
rencor;2
vecinos;1
respetar;1
qué;172
abiertos;1
nombres;1
cerradas;1
chismes;2
orientándome;1
preocupaba;2
dormir;22
fausta;5
trago;3
meciéndose;1
esperándolo;1
murmullos;4
fiara;1
serlo;1
entregó;2
diluyendo;1
carajo;2
grupos;1
debido;3
incesantes;1
informaron;2
tiempo;33
topado;1
eternidad;2
tirándolos;1
confesarse;1
comenzó;12
agachando;2
vicio;1
mándalos;1
entornada;2
calor;16
taconeaban;1
ambos;1
centavo;1
constante;1
pulque;1
morirá;1
informarle;1
echándose;1
parpadeó;1
cien;2
menguado;1
aburridos;2
regresando;1
asaltar;1
maltrataba;1
pedazos;5
acostarte;1
nido;1
deferencias;1
fijas;1
gritaban;1
nuestras;3
ranchito;1
pájaros;6
buscara;3
mucha;3
pone;1
verdadera;1
lloré;2
salieran;1
procura;2
cuento;1
deshizo;4
dejes;3
colores;4
nombran;1
manejarlo;1
momento;7
debemos;6
rumbos;3
diría;2
lloró;1
respondió;6
maduros;1
lamentó;1
retorciéndose;2
granizando;1
dejabas;1
cuenta;14
húmedo;1
equivocaste;1
dejaban;6
contra;23
papel;2
escondimos;1
agosto;3
perdón;4
pagarte;1
cansados;2
regresar;3
regresas;1
vagando;2
salomé;1
regresan;1
esfuerzo;1
suficientemente;1
soportarlos;1
mecían;1
salgan;1
hirviera;1
juntando;1
alazán;3
calló;1
duraba;1
serie;1
teñirse;1
déjamelo;3
cansado;5
ocuparte;1
negar;1
cabales;1
salgas;1
abrazándome;1
pronto;22
aguas;2
desbarataría;1
columpiaba;1
pondrá;3
sufriendo;1
aparecieron;1
enderezar;1
dormí;3
volábamos;1
engaños;1
entraron;2
recordar;1
espacio;2
ras;1
averiguar;2
averiguas;1
primavera;1
podrías;1
abrazándola;1
podrían;1
maneras;1
albor;1
tocara;1
reventados;1
pregunté;12
enredó;1
díselo;3
preguntó;18
supimos;1
acompañe;1
mecheros;1
lubianes;1
arrodillándose;1
primer;3
aguardaba;3
cabellos;2
apurarte;1
último;11
perderlos;1
herida;1
besaste;1
temblaban;1
castellano;1
logrado;1
mismito;1
imitando;1
ira;1
burbujas;2
seguramente;7
dejarlas;1
ayudarnos;1
agudo;1
susurrando;1
pasos;16
hilacho;1
milagro;1
quienes;1
durará;1
encárgate;1
arriba;16
madrugada;4
carretero;1
llamaban;2
acercando;1
mandar;2
olió;1
borracho;3
midiera;1
mandas;1
cumplido;1
heredarles;1
desayuno;2
aguamanil;1
vacía;2
pote;1
alcanza;1
insistir;1
pasión;1
infeliz;1
tratando;6
sobrando;1
bramido;2
abrazado;2
desborda;1
guardaremos;1
alcanzo;1
caballo;15
absorbió;1
vacío;3
dedos;6
morros;1
creyentes;1
arrastre;1
cóbraselo;2
removiéndose;1
dudado;1
cambio;4
almidonado;1
patrimonio;1
trafagueado;1
vagos;1
soportado;1
cambia;1
alguien;21
olor;9
saqué;1
viajantes;2
desanudó;1
adivinar;3
última;8
adivinas;1
reflejó;1
unas;16
círculos;1
desconchinflada;1
engarruñado;1
abría;3
rostro;1
almorzar;1
pasto;1
quejan;1
apaguen;1
topeteadas;1
vecino;1
miles;1
ahora;65
pestañas;2
durante;9
asomé;1
invertido;1
cielos;1
rastrero;1
gordas;1
irá;2
tisis;2
tibio;2
iré;14
bartolomé;13
duda;1
fresco;1
concha;1
agrios;2
güerito;1
noches;11
consuelo;1
cernidor;1
pongamos;2
ademanes;1
tiesos;1
asomó;3
pesados;1
llevaste;1
dudo;2
entreabrió;1
ésa;8
mover;1
ése;9
obligó;3
dude;2
acá;10
tranquilizarme;1
memoria;2
ánimos;2
cabo;6
pescuezo;1
desalojó;1
chistes;2
doloridas;1
copas;1
puñadito;1
notará;1
porvenir;1
hemos;13
condenada;1
pueda;2
cortaba;1
convirtieron;1
pellejo;3
adivinaba;1
siguiente;3
quedará;1
luchando;1
maniáticos;1
cambié;1
amansar;1
compró;1
quedaré;2
conocerlos;1
cerros;5
estancada;1
callada;2
entrevé;1
reumas;1
propinas;1
hazte;2
volverás;2
enterrarla;1
remordimiento;1
estertor;1
rescoldera;1
despertará;1
nada;66
miradas;2
demasiado;1
boca;23
curtió;1
retratos;1
ladrones;1
tocábamos;1
vayas;4
sangraba;1
querer;2
sentían;1
respondí;1
dudó;1
patrones;1
cuide;1
enterraron;5
tormenta;2
llenarse;2
valía;2
exigirles;1
déjalos;1
cree;4
desperté;1
crea;1
chuparrosas;1
mamar;1
despertó;5
nudillos;1
caminaran;1
tantos;6
rechintola;1
saponarias;1
resto;3
desnudez;1
estén;3
hornos;1
viges;1
cristo;1
cada;25
estés;2
sacado;2
pocos;4
creo;9
vayan;2
futuro;1
bilis;1
oscuros;2
cerrando;1
brazos;15
odie;1
cuánta;1
filtró;1
llenarme;1
alba;4
odio;1
movió;1
menoscabe;1
cuánto;10
bendiga;2
ahogo;1
infierno;8
tomándole;1
resolvieron;1
bebederos;1
cimarrón;2
agenciarnos;1
imagínese;2
jerró;1
modo;22
bordes;1
trastumbar;1
debajo;11
secara;2
boda;6
preocupara;1
caer;11
bordeaba;1
buscado;1
prepararte;1
ahí;16
largaron;1
sacaba;1
caen;2
real;2
venido;16
medianoche;3
todas;17
madre;60
echando;1
pregunta;6
alas;5
vuelven;1
bruces;1
pregunto;1
desbarataba;2
fondo;1
entusiasmo;1
acomodo;1
florero;1
platicar;3
escritorio;1
respiración;7
enterrarte;1
andamos;3
platican;1
acuerdas;3
alejaban;1
fonda;1
seminario;2
ana;10
filoteo;1
contar;1
memedia;1
menuda;1
cesar;1
puede;28
verdor;1
teñido;1
cayera;2
ríos;1
purifican;1
hacías;1
puedo;10
veces;19
poniendo;1
nací;1
consiste;1
condenado;1
irían;1
arrastró;2
hacían;2
santísima;1
relente;1
vigas;1
teñida;1
abriendo;1
creí;7
remolino;2
semos;1
armar;1
armas;3
cumplir;1
liados;1
aureola;1
susto;1
dobladas;1
pasar;10
unos;16
odió;1
narices;1
café;1
llama;11
desconsolada;1
altar;2
caballos;1
pasan;3
trancos;1
habiendo;1
asustándome;1
tristes;4
acta;3
levántate;3
verdad;17
amortajado;1
pesadas;2
feria;1
contigo;6
gustas;2
cuidarlo;2
sordo;3
gustar;1
sumiéndose;2
dulce;3
males;1
odiar;1
mecía;1
encima;13
borrado;1
descansando;1
grito;6
honorarios;2
cometen;1
llamarse;1
inutilizarla;1
cuidarme;2
cometer;1
fueras;3
compra;1
veremos;3
darme;4
saberlo;3
gobierno;4
llegará;1
asombrarías;2
encino;1
fueran;5
vida;21
sosiego;1
mitad;5
condenados;3
vuelvas;2
seguida;7
interminable;1
cuarto;16
abusaron;1
novedad;1
gustan;1
modos;1
ellas;7
consideración;1
gustando;1
cama;25
seguido;1
conste;1
darle;6
yerbabuena;1
consta;1
natividad;1
tirando;1
llamo;2
moja;2
colimotes;1
correteara;1
antojara;1
cristeros;1
morirme;2
durmamos;1
comportado;1
algo;52
quebraba;1
deshacerse;1
bendición;1
cruzábamos;1
neros;2
liquidado;1
lluvia;24
donato;1
búscalos;1
mercado;2
llamé;1
llevaban;1
sucedería;1
encerraban;1
perdiéndose;2
duro;3
encontrábamos;1
desbalagado;1
atizado;1
quedara;1
inclinó;1
notaba;1
negocio;1
alegraron;1
retorcía;3
bola;1
cuartillo;2
verdes;2
dura;4
llamaron;1
necesidades;1
bocado;1
sorbió;2
respeto;1
adormecido;1
aun;4
bonita;4
crujido;1
vivirán;1
ilusionó;1
distinguir;1
cuidarte;1
silencio;14
bonito;1
detenía;1
abundio;14
días;19
atrancaban;1
gustaría;3
encargarás;1
fantasmas;2
gusten;1
fatiga;1
alma;11
avemaría;1
consumió;1
amanecido;1
cuántas;5
llevabas;1
llamó;2
aplastado;2
miseria;1
despertaban;1
carcomido;2
regó;1
sorbo;1
vidrios;2
saliste;1
banquetas;1
carrancistas;1
jolgorio;2
arreglado;1
ligeros;1
pobrecita;2
supiera;1
serafines;1
así;59
pendencia;1
hablarle;1
decían;6
porque;78
muestra;1
sorbos;1
decírselo;3
recostándola;1
espalda;2
aguja;1
casa;24
escribiré;1
quedito;1
cucuando;2
paseó;1
júntate;1
hijito;1
quedado;9
tempranito;1
malos;2
rocío;3
caso;12
burros;5
alcanzó;1
tantas;7
cobrara;1
casi;17
acumulados;1
mueren;4
considérelo;1
harta;1
piense;1
sacaré;1
cara;31
molido;1
entierro;1
piensa;2
pocas;4
imagen;5
comenzando;4
pienso;5
animales;3
descarapeladuras;1
díaz;2
deshuesado;1
caro;5
llevarte;1
cometió;1
duró;3
oían;2
ropas;2
pepesado;1
ajuarear;1
limpio;2
allí;51
apoyándome;1
empezar;1
emparejarme;1
atreví;2
tratar;2
tratas;1
balacera;1
partes;7
allá;77
piernas;14
retrasado;1
discutir;1
moviéndose;1
vivimos;3
enfriar;1
contaba;6
oído;6
pelones;1
lluviosos;1
hectolitros;1
terrones;2
desvive;1
llegaban;2
disponga;1
murieras;1
cerrar;2
recordara;3
lastimaba;1
andando;6
apagaría;1
traerlo;1
sollozo;3
saltaperico;1
llave;2
comienzo;2
cruz;5
gratificará;1
yerba;5
cuestión;2
vino;12
alejarse;1
cumplió;2
solita;1
engarruñadas;1
emborrachándose;1
cadáver;3
habita;1
disponer;1
recibe;1
dígame;2
volvería;3
difícil;2
vine;13
suerte;1
reciba;1
separar;1
pagaste;1
ábreme;3
cuándo;5
alejarte;1
llegan;2
señora;7
raíz;1
sembrando;1
centavos;6
proporcionaremos;1
queremos;2
arden;1
ánimas;2
quizás;1
dirección;3
jerga;2
ordenando;1
requiescat;1
llegas;1
vengativo;1
dígale;3
llegar;5
encajaba;1
endureciéndolo;1
déjate;2
traicionado;1
alto;5
taladran;1
abundan;1
refiere;1
limpió;1
arder;1
asistentes;1
hacernos;1
producía;1
ningún;19
resignaciones;1
prudencio;1
pensó;17
san;31
desconsuelo;2
terminaban;1
petaca;1
averiguaremos;1
suspirando;1
motivos;1
apagando;1
fuimos;2
sostienen;1
pasearon;1
cruzando;2
ruido;13
muleta;1
hundir;1
brillantes;1
papalotes;1
favor;2
alta;2
pasadas;1
pensé;12
emborracharme;1
bajaron;1
faena;1
contarás;1
desgarrado;1
consolarte;1
gitanos;1
contingente;1
parvadas;3
podridos;1
extrañó;3
luces;6
cumplimiento;2
hubiera;34
digna;1
ganada;1
mismo;31
preguntado;1
acababa;3
cuidaré;1
comuniqué;1
recuérdale;1
ganado;4
pájaro;4
ojalá;2
llegada;1
misma;16
faltó;1
mariposas;1
cuántos;6
tafeta;1
perdonar;1
búscalas;1
intención;1
caliente;5
aparición;1
ruidos;10
personas;1
sensación;1
camisa;2
naciste;1
veía;7
estamos;14
anduvimos;1
covacha;1
confórmate;1
verlas;1
olvídese;1
déjame;4
inocencio;1
gracias;6
inquietos;1
caminó;2
endurecido;1
cogollo;1
descansarás;1
sea;21
horas;13
zumbidos;1
alejarlo;1
cayó;2
preguntaba;4
andrómeda;4
violaciones;1
letrero;1
lucha;1
provea;1
sostenerse;1
traerte;1
ser;40
llegado;3
mozo;2
dejado;9
grillos;2
manejos;1
juanetes;1
pediste;3
pausas;3
despertarme;1
decirme;5
hundió;1
suficiente;1
igual;8
obligado;1
proponer;1
sagrado;1
trababa;1
agradables;1
decirlo;3
nostálgica;1
cuidara;1
muere;3
echar;2
tirante;1
decirle;13
falte;1
parte;10
soltando;1
emborrachas;1
empedradas;1
encarga;1
despertada;1
vive;12
encargo;1
muera;4
vivo;3
oscuridad;13
llegaron;5
debo;1
iluminadas;1
desviviéndonos;1
él;167
dinero;20
llevaron;2
acomodaron;2
viva;3
debe;22
intranquilos;1
extraños;1
buscan;1
saldrá;2
achaques;1
buscar;8
quedaba;7
amanecer;14
alivies;1
ácidas;1
macho;1
desaparecieron;1
cayeron;2
desmorecimiento;1
sentir;6
parado;2
filtraran;1
wwwelejandriacom;2
sierra;2
pequeño;5
afloja;1
servicial;1
luna;51
equivocado;1
chicoteándose;1
pelonas;1
tordos;3
llevarse;2
lloviendo;2
barría;1
camposanto;2
déjalo;4
repetido;1
sin;58
confines;1
déjale;1
balde;1
muebles;1
arreglaré;1
queriendo;1
arrullaras;1
dedo;2
treinta;1
adioses;1
repone;1
falso;2
mundo;13
angosto;1
recientes;1
molino;3
cisneros;10
inquietud;1
pagado;2
salían;3
falta;9
humano;3
subas;1
villistas;2
usufruto;3
reposo;1
óleos;2
crepúsculo;1
alzó;5
teñidas;1
cerca;7
trastazo;1
tiernito;1
hice;5
falló;1
aflijas;1
acomodarse;1
mueve;3
decir;36
encargó;3
resultó;2
viví;1
echado;1
muerta;7
muerte;17
palpita;1
larga;7
lienzos;3
divisiones;1
paramo;1
entreabre;2
pajuelazo;1
cirios;2
encargar;1
autor;1
muerto;28
maldiciones;1
gruñidos;1
visitaba;1
humanas;1
viento;18
suspendido;1
siervo;1
sicuas;1
meditando;1
pasillo;3
llorarían;1
escuchara;1
penas;1
deje;3
vale;7
sido;14
velación;1
deja;8
remansos;1
figuras;2
largo;8
informó;1
asustó;1
prestarse;1
irisada;1
reverberación;1
subió;1
rompía;2
creíste;1
afueras;1
pensamientos;8
redondas;2
aguanto;1
despedazaran;1
echaba;1
viniera;7
sonido;7
malquistarse;1
montado;1
habido;1
tobillos;1
consagrando;1
suceso;1
sordos;1
oyera;2
trabada;1
morirte;1
siga;2
digas;2
trabajo;13
huesos;2
envoltura;1
burlón;2
plaza;6
sol;19
piedra;4
son;24
mastico;1
irisaba;1
inocentes;1
soy;18
rosario;2
desdicha;2
exigente;2
agarrarla;1
morirse;2
sigue;7
apagándola;1
contó;3
malas;1
resollar;1
dejo;1
tortillas;1
derrepentes;1
gabán;1
bodas;1
chistoso;1
volvieron;3
movimiento;2
palpitó;1
quebrada;2
auxiliara;1
encimado;1
oía;17
aclaraste;1
dormidos;4
hija;13
achaparrado;1
estrujando;3
hebras;1
orillas;1
juliana;1
estableceremos;1
total;1
costales;2
bolsa;2
avísales;1
oír;16
llegaba;5
tomillo;2
potrillos;1
valí;1
maniobra;1
presiento;1
puente;2
vámonos;6
estómago;3
subir;2
pobre;14
siéntate;1
raspan;2
tocar;2
juguetito;1
carreras;1
salpicadas;1
vivíamos;1
deme;1
reconociste;1
hendidura;2
santas;1
hazlo;1
bendita;1
esperemos;1
mirándote;1
señores;2
colchón;3
pobres;3
culebra;1
arrimados;2
rechinar;1
prendiéndose;1
martínez;4
rechinan;1
enemiga;1
hazme;2
respiraba;1
alcohol;3
deuda;1
dejó;17
guerras;1
suspira;2
pagaré;1
dormitamos;1
estaría;4
sentaron;1
enemigo;1
dejé;5
joven;2
perdidos;1
carrilleras;1
hijo;32
arcos;2
azahar;2
vivir;6
ayúdame;1
tejado;1
quedarás;1
purificándome;1
resuello;2
testimonios;1
dejaré;1
sus;142
vergüenza;6
escaseando;1
enderezando;1
cierran;1
puño;3
hojas;13
recado;1
suspiro;2
venía;8
encendió;1
llanura;3
decisión;1
alguna;12
reviento;1
fugaz;1
viejo;17
míreme;1
castigo;1
dijeron;12
alguno;4
necesario;3
gallos;2
bendito;2
parecían;4
hilo;8
tuétano;1
están;14
llenas;3
problemas;1
sudando;1
vieja;7
llenan;2
borlote;1
estás;21
cambiándole;1
derrotaron;1
corría;3
brujería;1
parda;1
oraciones;4
haiga;1
trabajaba;1
cinco;5
montón;4
prométeselo;1
alegría;3
cargue;1
solamente;8
vives;1
horno;2
sino;21
cómo;43
reino;1
cerré;2
dondequiera;1
soportar;1
dizque;5
panteón;2
conoces;2
desmayar;1
cerró;9
aréchiga;1
once;2
conocer;4
sentarte;1
viven;3
rezos;1
adelantado;1
despertara;3
encargadas;1
sacudían;1
vaya;16
entender;2
idea;2
verlo;9
corajudo;1
volaban;1
esquina;2
tantito;4
injusto;1
desnudas;1
contaré;1
católico;1
verme;4
hablaba;11
cuidado;3
pagará;1
perdónelo;1
preciados;2
potrillo;2
entretenerse;1
besado;1
creyeron;1
ranas;1
figura;8
andábamos;2
traficando;1
ponerse;2
hipo;1
daño;1
aumenten;1
verla;7
justina;22
misas;3
apagándose;2
balbucir;1
locuras;1
perdóneme;1
soltero;1
triples;1
enjambre;1
cajón;3
repitió;1
saco;2
cavilaciones;1
empezaron;1
vienen;5
tener;5
sucede;2
vienes;6
avíseme;1
tiras;1
hocico;1
encerrado;1
tómelo;1
amargaba;1
amor;3
plaga;2
sabe;28
tenga;2
cielo;49
interno;1
difuntos;1
murmurar;1
guardado;4
enviado;1
murmuraran;1
hace;36
tenían;3
directamente;3
cerro;4
montañas;2
compraremos;1
conociera;1
palabras;10
jazmín;1
pedazo;4
hombrecito;1
tiliches;1
chamuscada;1
molde;1
increíble;1
escuchaba;1
servirá;1
ahorcados;1
deteniéndolo;1
según;13
salvar;1
esperaron;1
mirándome;1
confianza;4
rezarle;1
inflamado;1
tengo;28
pared;5
vendido;3
aprontado;1
gusanos;2
función;3
cincuenta;3
adobes;1
pantalones;1
comedor;1
tendrá;4
despertado;1
recorra;1
véala;1
tendré;4
quebrando;2
violento;1
viera;1
mandarinas;1
viendo;4
secos;1
sonsácales;1
echara;1
rebajarme;1
sintió;16
vivieron;2
sustos;1
lucas;11
detuvieron;1
sacó;1
soñar;1
amarrado;2
encargue;1
dormimos;1
hago;3
invitarte;1
acalambrado;1
amarrada;1
extraña;1
cabras;1
prometido;1
caminata;1
moribundo;1
sobresaltos;1
oyendo;13
tal;40
conformas;1
tan;45
jugar;2
llenos;1
administrador;4
haga;5
suave;6
mascota;1
comenzar;2
tiemblan;1
precisamente;3
sonaban;4
habitara;1
conoció;2
tendida;1
acabado;2
todavía;36
isaías;1
matar;4
vivió;2
dieciséis;1
cansa;1
matas;1
lámpara;6
siguiendo;3
camino;21
laguna;1
huecas;2
trujillo;2
hizo;24
cae;1
tristeza;3
curato;1
sacramentos;1
infancia;1
caminara;2
aclaración;1
leer;1
pospuso;1
démosle;1
sombreados;1
gabanes;1
veredas;1
sesedano;1
atrapando;1
retroceder;1
pasear;1
granado;1
ranchos;1
ocurrió;1
preguntará;1
guerra;1
confesar;2
canto;2
encerrada;1
salía;6
robé;1
hierve;1
acalorada;1
rendido;1
perdonaría;1
vivos;1
desocupen;1
viene;17
verte;3
convertirla;1
