0;6
1;18
2;24
3;18
4;18
5;6
6;6
8;6
a;66
egestas;48
mattis;66
tortor;30
vehicula;54
quam;18
erat;96
tellus;60
leo;18
taciti;18
laoreet;36
interdum;12
ultricies;36
praesent;12
quis;120
varius;48
lacus;18
blandit;60
libero;66
dolor;54
condimentum;54
ante;84
placerat;36
eros;54
ligula;60
fringilla;156
conubia;18
himenaeos;18
maximus;18
turpis;18
nunc;102
vivamus;30
dui;66
10;6
12;6
dignissim;36
tempus;12
mollis;30
velit;96
congue;48
vel;108
sagittis;36
donec;18
fermentum;78
curabitur;12
aenean;18
urna;18
vestibulum;72
morbi;60
est;102
nec;60
scelerisque;48
nullam;42
posuere;54
commodo;66
imperdiet;66
non;66
aptent;18
metus;18
diam;12
eleifend;54
ac;126
ad;18
at;48
elit;36
pulvinar;108
magna;48
vulputate;66
et;114
eu;30
ex;30
felis;24
class;18
id;126
in;162
fusce;24
ullamcorper;30
mi;84
orci;48
nulla;72
ipsum;132
dapibus;12
suscipit;12
ut;222
litora;18
suspendisse;18
justo;120
nostra;12
arcu;42
malesuada;12
per;36
porttitor;30
massa;12
pretium;36
consectetur;24
aliquam;114
etiam;42
tristique;48
mauris;108
enim;18
facilisi;18
lacinia;42
purus;48
dictum;30
molestie;30
sodales;12
integer;12
nosatra;6
lectus;66
aliquet;18
accumsan;12
vitae;150
risus;12
maecenas;96
iaculis;60
inceptos;18
sollicitudin;36
pellentesque;108
auctor;48
cras;84
eget;66
convallis;24
duis;36
nisi;12
nisl;66
tincidunt;36
adipiscing;24
odio;30
faucibus;18
viverra;54
row;24
efficitur;90
semper;60
httpsproductsofficecomenusword;6
cursus;48
volutpat;42
sed;66
sem;12
column;18
ornare;36
sit;150
sociosqu;18
luctus;36
facilisis;36
venenatis;36
amet;150
lorem;138
sapien;36
euismod;54
torquent;18
neque;102
lobortis;78
