1;5
2;5
3;5
4;7
5;2
8;1
a;2
f;1
i;4
o;1
q;1
x;1
y;3
egestas;1
Ã©;1
vehicula;1
interdum;1
praesent;1
blandit;2
dolor;2
condimentum;4
ante;2
placerat;1
nunc;3
15;1
24;1
31;1
32;1
37;1
43;1
62;1
88;1
91;1
stip;1
sagittis;1
image2jpeg;1
aenean;1
est;3
nullam;2
454;1
diam;1
wey;1
aa;1
ac;7
ad;1
at;1
elit;2
ee;1
vulputate;3
et;2
eu;1
ex;2
id;1
in;2
ullamcorper;1
ly;1
mi;1
ipsum;4
rs;1
ut;3
ye;1
arcu;2
massa;1
consectetur;1
aliquam;1
chart;1
tristique;1
molestie;2
lectus;1
vitae;4
maecenas;4
iaculis;2
nisi;1
nisl;1
faucibus;1
efficitur;1
semper;3
902;1
ornare;1
965;1
luctus;1
lorem;4
euismod;1
mattis;1
tortor;1
erat;1
tellus;3
quis;2
varius;2
libero;1
ligula;3
fringilla;3
vivamus;1
tempus;1
mollis;1
congue;2
curabitur;1
vestibulum;1
morbi;3
nec;3
scelerisque;1
imperdiet;1
non;3
felis;2
orci;1
nulla;4
dapibus;1
suscipit;1
justo;3
oth;1
malesuada;1
porttitor;1
mauris;4
facilisi;1
lacinia;2
purus;1
dictum;1
sodales;1
integer;1
accumsan;1
risus;1
image1png;1
photo;1
auctor;1
eget;1
convallis;2
tincidunt;1
adipiscing;1
odio;2
viverra;1
row;12
cursus;1
sed;1
sem;1
column;8
sit;5
table;1
facilisis;1
amet;5
neque;2
lobortis;2
